,Address,Latitude,Longitude,City
0,"4116 S Hoover St,Los Angeles, CA 90037",34.0091,-118.28703,Los Angeles
1,"7660 Beverly Blvd,Los Angeles, CA 90036",34.075952,-118.356676,Los Angeles
2,"260 S La Brea Ave,Los Angeles, CA 90036",34.069654,-118.343825,Los Angeles
3,"3667 W 3rd St,Los Angeles, CA 90020",34.069188,-118.296078,Los Angeles
4,"4907 Maplewood Ave,Los Angeles, CA 90004",34.080438,-118.309594,Los Angeles
5,"1820 W Slauson Ave,Los Angeles, CA 90047",33.98794,-118.31101,Los Angeles
6,"121 W Ann St,Los Angeles, CA 90012",34.065493,-118.231747,Los Angeles
7,"620 E El Segundo Blvd,Los Angeles, CA 90059",33.915698,-118.26464,Los Angeles
8,"1515 Westwood Blvd,Los Angeles, CA 90024",34.053647,-118.440584,Los Angeles
9,"930 Chung King Rd,Los Angeles, CA 90012",34.05513,-118.25703,Los Angeles
10,"2738 Hyperion Ave,Los Angeles, CA 90027",34.107669,-118.271787,Los Angeles
11,"6350 W 3rd St,Los Angeles, CA 90036",34.07127,-118.36061,Los Angeles
12,"1751 Westwood Blvd,Los Angeles, CA 90024",34.050893,-118.438209,Los Angeles
13,"317 S Broadway Ste 35,Los Angeles, CA 90013",34.050659,-118.248526,Los Angeles
14,"12146 Santa Monica Blvd,Los Angeles, CA 90025",34.05513,-118.25703,Los Angeles
15,"5244 Santa Monica Blvd,Los Angeles, CA 90029",34.090659,-118.30491,Los Angeles
16,"904 N Western Ave,Los Angeles, CA 90029",34.086438,-118.308957,Los Angeles
17,"5315 Santa Monica Blvd,Los Angeles, CA 90029",34.090932,-118.305218,Los Angeles
18,"7825 Beverly Blvd,Los Angeles, CA 90036",34.076273,-118.360717,Los Angeles
19,"5070 Hollywood Blvd,Los Angeles, CA 90027",34.101626,-118.300181,Los Angeles
20,"1401 N Main St,Los Angeles, CA 90012",34.064981,-118.231303,Los Angeles
21,"5824 S Vermont Ave,Los Angeles, CA 90044",33.98873,-118.28954,Los Angeles
22,"8922 W Pico Blvd,Los Angeles, CA 90035",34.055121,-118.386536,Los Angeles
23,"649 Wall St Ste 4,Los Angeles, CA 90014",34.042488,-118.248292,Los Angeles
24,"1429 W 3rd St,Los Angeles, CA 90017",34.058795,-118.262431,Los Angeles
25,"1114 E 8th St,Los Angeles, CA 90021",34.03501,-118.24516,Los Angeles
26,"808 N State St,Los Angeles, CA 90033",34.053765,-118.212562,Los Angeles
27,"1930 W 7th St,Los Angeles, CA 90057",34.05569,-118.27545,Los Angeles
28,"1830 N Broadway,Los Angeles, CA 90031",34.071937,-118.22133,Los Angeles
29,"1831 James M Wood Blvd,Los Angeles, CA 90006",34.052413,-118.276314,Los Angeles
30,"416 E 36th St,Los Angeles, CA 90011",34.014579,-118.268411,Los Angeles
31,"801 N Alma Ave,Los Angeles, CA 90063",34.045065,-118.192083,Los Angeles
32,"4322 S Central Ave,Los Angeles, CA 90011",34.005176,-118.25582,Los Angeles
33,"3926 N Figueroa St,Los Angeles, CA 90065",34.09178,-118.21043,Los Angeles
34,"3807 E Cesar E Chavez Ave,Los Angeles, CA 90063",34.040701,-118.184269,Los Angeles
35,"4050 Broadway Pl,Los Angeles, CA 90037",34.00994,-118.277908,Los Angeles
36,"4106 E Cesar E Chavez Ave,Los Angeles, CA 90063",34.05513,-118.25703,Los Angeles
37,"4422 Union Pacific Ave,Los Angeles, CA 90023",34.016428,-118.176067,Los Angeles
38,"4100 W Pico Blvd,Los Angeles, CA 90019",34.047472,-118.32491,Los Angeles
39,"1615 E Florence Ave,Los Angeles, CA 90001",33.974937,-118.244773,Los Angeles
40,"1801 E Florence Ave,Los Angeles, CA 90001",33.974924,-118.240935,Los Angeles
41,"7919 S Central Ave,Los Angeles, CA 90001",33.966912,-118.256591,Los Angeles
42,"11200 Compton Ave,Los Angeles, CA 90059",34.05513,-118.25703,Los Angeles
43,"2035 Hillhurst Ave,Los Angeles, CA 90027",34.108647,-118.287588,Los Angeles
44,"3760 S Centinela Ave,Los Angeles, CA 90066Los Angeles, CA 90012",34.004695,-118.434122,Los Angeles
45,"11737 San Vicente Blvd,Los Angeles, CA 90049",34.05351,-118.46727,Los Angeles
46,"788 S Grand Ave,Los Angeles, CA 90017",34.045878,-118.25767,Los Angeles
47,"2925 Division St,Los Angeles, CA 90065",34.103247,-118.23559,Los Angeles
48,"7316 Compton Ave,Los Angeles, CA 90001",33.973423,-118.247467,Los Angeles
49,"11840 Wilmington Ave,Los Angeles, CA 90059",33.925627,-118.236835,Los Angeles
50,"606 E 1st St,Los Angeles, CA 90012",34.04863,-118.236806,Los Angeles
51,"425 E. 7th St,los angeles, CA 90014",34.041563,-118.247727,Los Angeles
52,"1101 E Washington Blvd,Los Angeles, CA 90021",34.02548,-118.25222,Los Angeles
53,"1549 Echo Park Ave,Los Angeles, CA 90026",34.081244,-118.254762,Los Angeles
54,"726 W Slauson Ave,Los Angeles, CA 90044",33.989003,-118.286659,Los Angeles
55,"5702 York Blvd,Los Angeles, CA 90042",34.118664,-118.193499,Los Angeles
56,"10817 Venice Blvd,Los Angeles, CA 90034",34.017542,-118.409564,Los Angeles
57,"3824 Beverly Blvd,Los Angeles, CA 90004",34.076159,-118.292646,Los Angeles
58,"4910 Huntington Dr S,Los Angeles, CA 90032",34.086683,-118.176281,Los Angeles
59,"310 S Berendo St,Los Angeles, CA 90020",34.068587,-118.293972,Los Angeles
60,"3732 W 3rd St,Los Angeles, CA 90020",34.06888,-118.297434,Los Angeles
61,"4312 Wall St,Los Angeles, CA 90011",34.00531,-118.27148,Los Angeles
62,"4757 Melrose Ave,Los Angeles, CA 90029",34.083645,-118.304455,Los Angeles
63,"1815 N Cahuenga Blvd,Los Angeles, CA 90028",34.10446,-118.33026,Los Angeles
64,"10425 S Normandie Ave,Los Angeles, CA 90044",33.941487,-118.300522,Los Angeles
65,"11507 S Western Ave,Los Angeles, CA 90047",33.929643,-118.30971,Los Angeles
66,"2600 S Vermont Ave,Los Angeles, CA 90007",34.03252,-118.29135,Los Angeles
67,"670 S Western Ave,Los Angeles, CA 90005",34.06027,-118.30891,Los Angeles
68,"5100 N Figueroa St,Los Angeles, CA 90042",34.10543,-118.200843,Los Angeles
69,"5429 Hollywood Blvd,Los Angeles, CA 90027",34.101958,-118.30787,Los Angeles
70,"3924 W 3rd St,Los Angeles, CA 90020",34.068873,-118.299945,Los Angeles
71,"5250 York Blvd,Los Angeles, CA 90042",34.120138,-118.201019,Los Angeles
72,"3000 N Broadway,Los Angeles, CA 90031",34.07356,-118.210097,Los Angeles
73,"1501 E 23rd St,Los Angeles, CA 90011",34.01809,-118.24853,Los Angeles
74,"10530 S Broadway,Los Angeles, CA 90003",33.94029,-118.27795,Los Angeles
75,"4834 W Slauson Ave,Los Angeles, CA 90056",33.98764,-118.361553,Los Angeles
76,"3901 Crenshaw Blvd,Los Angeles, CA 90008",34.013924,-118.335813,Los Angeles
77,"11666 National Blvd,Los Angeles, CA 90064",34.022757,-118.438151,Los Angeles
78,"700 N Broadway,Los Angeles, CA 90012",34.06058,-118.239011,Los Angeles
79,"645 W 9th St,Los Angeles, CA 90015",34.04582,-118.261142,Los Angeles
80,"1211 Wholesale St,Los Angeles, CA 90021",34.036675,-118.23805,Los Angeles
81,"2000 S Central Ave,Los Angeles, CA 90011",34.02249,-118.25156,Los Angeles
82,"1342 N Alvarado St,Los Angeles, CA 90026",34.080141,-118.261674,Los Angeles
83,"3410 W 3rd St,Los Angeles, CA 90020",34.06884,-118.29027,Los Angeles
84,"2520 Glendale Blvd,Los Angeles, CA 90039",34.102993,-118.259015,Los Angeles
85,"133 W Avenue 45,Los Angeles, CA 90065",34.09657,-118.20819,Los Angeles
86,"5318 S Main St,Los Angeles, CA 90037",33.993746,-118.273756,Los Angeles
87,"4040 W Washington Blvd,Los Angeles, CA 90018",34.03968,-118.32735,Los Angeles
88,"5127 York Blvd,Los Angeles, CA 90042",34.121001,-118.203701,Los Angeles
89,"3480 S La Brea Ave,Los Angeles, CA 90016",34.0227,-118.35544,Los Angeles
90,"7257 W Sunset Blvd,Los Angeles, CA 90046",34.09816,-118.3483,Los Angeles
91,"9850 Laurel St,Los Angeles, CA 90002",34.05513,-118.25703,Los Angeles
92,"8811 S Western Ave,Los Angeles, CA 90047",33.95778,-118.309262,Los Angeles
93,"1651 E 103rd St,Los Angeles, CA 90002",33.94479,-118.2439,Los Angeles
94,"5245 W Centinela Ave,Los Angeles, CA 90045",33.97884,-118.37165,Los Angeles
95,"6855 S La Cienega Blvd,Los Angeles, CA 90045",33.975511,-118.370389,Los Angeles
96,"11533 S Western Ave,Los Angeles, CA 90047",33.928795,-118.309352,Los Angeles
97,"8824 S Sepulveda Blvd,Los Angeles, CA 90045",34.05513,-118.25703,Los Angeles
98,"4030 S Centinela Ave,Los Angeles, CA 90066",33.998875,-118.429599,Los Angeles
99,"10861 Weyburn Ave,Los Angeles, CA 90024",34.062474,-118.443439,Los Angeles
100,"12611 W Washington Blvd,Los Angeles, CA 90066",33.996939,-118.432629,Los Angeles
101,"11727 W Olympic Blvd,Los Angeles, CA 90064",34.03405,-118.44862,Los Angeles
102,"138 Astronaut E S Onizuka St,Los Angeles, CA 90012",34.049949,-118.241747,Los Angeles
103,"317 S Broadway,Los Angeles, CA 90013",34.050659,-118.248526,Los Angeles
104,"124 Japanese Village Plaza Mall,Los Angeles, CA 90012",34.048721,-118.240132,Los Angeles
105,"206 Boyd St,Los Angeles, CA 90013",34.047565,-118.245159,Los Angeles
106,"326 Boyd St,Los Angeles, CA 90013",34.04672,-118.243416,Los Angeles
107,"369 Wall St,Los Angeles, CA 90013",34.05513,-118.25703,Los Angeles
108,"800 N Alameda St,Los Angeles, CA 90012",34.05494,-118.23752,Los Angeles
109,"633 N Spring St,Los Angeles, CA 90012",34.058416,-118.238748,Los Angeles
110,"711 N Main St,Los Angeles, CA 90012",34.058624,-118.237719,Los Angeles
111,"212 W 6th St,Los Angeles, CA 90014",34.046153,-118.251451,Los Angeles
112,"608 S Hill St,Los Angeles, CA 90014",34.04696,-118.25321,Los Angeles
113,"711 N Broadway Ste 117,Los Angeles, CA 90012",34.060767,-118.239285,Los Angeles
124,"5755 E La Palma Ave,Anaheim, CA 92807",33.860869,-117.787945,Anaheim
125,"1616 W Katella Ave,Anaheim, CA 92802",33.802068,-117.937721,Anaheim
126,"130 W Lincoln Ave,Anaheim, CA 92805",33.835123,-117.914735,Anaheim
127,"1217 S Brookhurst St,Anaheim, CA 92804",33.816867,-117.959393,Anaheim
128,"2424 W Ball Rd Ste R,Anaheim, CA 92804",33.82415,-117.897707,Anaheim
129,"5759 E Santa Ana Canyon Rd,Anaheim, CA 92807",33.853153,-117.78834,Anaheim
130,"2809 E Lincoln Ave,Anaheim, CA 92806",33.837969,-117.870824,Anaheim
131,"3430 W Lincoln Ave,Anaheim, CA 92801",33.831293,-118.009781,Anaheim
132,"5745 E Santa Ana Canyon Rd,Anaheim, CA 92807",33.852092,-117.788409,Anaheim
133,"10500 Magnolia Ave,Anaheim, CA 92804",33.82415,-117.897707,Anaheim
134,"1086 N State College Blvd,Anaheim, CA 92806",33.848726,-117.88821,Anaheim
135,"121 N Beach Blvd,Anaheim, CA 92801",33.833358,-117.994742,Anaheim
136,"722 N Anaheim Blvd,Anaheim, CA 92805",33.84293,-117.916137,Anaheim
137,"2030 E Lincoln Ave,Anaheim, CA 92806",33.837563,-117.888559,Anaheim
138,"275 S Euclid St,Anaheim, CA 92802",33.829184,-117.942719,Anaheim
139,"651 N Euclid St,Anaheim, CA 92801",33.841125,-117.943627,Anaheim
140,"6509 E serrano ave,Anaheim, CA 92807",33.831713,-117.759743,Anaheim
141,"101 E Lincoln Ave,Anaheim, CA 92805",33.837197,-117.913845,Anaheim
142,"327 S Lemon St,Anaheim, CA 92805",33.831855,-117.915069,Anaheim
143,"440 S Anaheim Blvd,Anaheim, CA 92805",33.831689,-117.911605,Anaheim
144,"124 S Harbor Blvd,Anaheim, CA 92805",33.833658,-117.919028,Anaheim
145,"870 W Lincoln Ave,Anaheim, CA 92805",33.832805,-117.923864,Anaheim
146,"500 S Citron St,Anaheim, CA 92805",33.828879,-117.921604,Anaheim
147,"508 N East St,Anaheim, CA 92805",33.842998,-117.903446,Anaheim
148,"500 N East St,Anaheim, CA 92805",33.842802,-117.903444,Anaheim
149,"910 S Anaheim Blvd,Anaheim, CA 92805",33.82415,-117.897707,Anaheim
150,"727 S East St,Anaheim, CA 92805",33.829562,-117.90019,Anaheim
151,"522 E Vermont Ave Ste A,Anaheim, CA 92805",33.822875,-117.903949,Anaheim
152,"522 E Vermont Ave,Anaheim, CA 92805",33.822875,-117.903949,Anaheim
153,"1425 E Lincoln Ave,Anaheim, CA 92805",33.839343,-117.898247,Anaheim
154,"221 E Florence Ave,Anaheim, CA 92805",33.821855,-117.907138,Anaheim
155,"1241 N East St,Anaheim, CA 92805",33.852836,-117.909665,Anaheim
156,"1606 E South St,Anaheim, CA 92805",33.830591,-117.893213,Anaheim
157,"847 S State College Blvd,Anaheim, CA 92806",33.829893,-117.889656,Anaheim
158,"130 S Euclid St,Anaheim, CA 92802",33.82415,-117.897707,Anaheim
159,"650 N Euclid St,Anaheim, CA 92801",33.840865,-117.940316,Anaheim
160,"2120 E Center St,Anaheim, CA 92806",33.841051,-117.887214,Anaheim
161,"1731 W La Palma Ave,Anaheim, CA 92801",33.847429,-117.943093,Anaheim
162,"1300 S Euclid St,Anaheim, CA 92802",33.815662,-117.940971,Anaheim
163,"1761 S Harbor Blvd,Anaheim, CA 92802",33.803996,-117.915622,Anaheim
164,"1500 E Cerritos Ave,Anaheim, CA 92805",33.81023,-117.892969,Anaheim
165,"1698 S Lewis St,Anaheim, CA 92805",33.82415,-117.897707,Anaheim
166,"704 N Valley St Ste J,Anaheim, CA 92801",33.841294,-117.954474,Anaheim
167,"1523 W Katella Ave,Anaheim, CA 92802",33.80362,-117.933759,Anaheim
168,"1853 W Katella Ave,Anaheim, CA 92804",33.803549,-117.948475,Anaheim
169,"1863 W Katella Ave,Anaheim, CA 92804",33.803564,-117.948853,Anaheim
170,"2970 E La Palma Ave,Anaheim, CA 92806",33.849475,-117.861643,Anaheim
171,"511 W Chapman Ave,Anaheim, CA 92802",33.789301,-117.913206,Anaheim
172,"2390 E Orangewood Ave,Anaheim, CA 92806",33.795605,-117.882245,Anaheim
173,"2403 W Ball Rd,Anaheim, CA 92804",33.818042,-117.967874,Anaheim
174,"1334 N Braeburn St,Anaheim, CA 92801",33.853383,-117.970523,Anaheim
175,"9822 Katella Ave,Anaheim, CA 92804",33.802346,-117.96136,Anaheim
176,"3160 East La Palma Avenue # K,Anaheim, CA 92806",33.82415,-117.897707,Anaheim
177,"9562 Katella Ave,Anaheim, CA 92804",33.802724,-117.966547,Anaheim
178,"9041 Cerritos Ave,Anaheim, CA 92804",33.810606,-117.974865,Anaheim
179,"3303 E Miraloma Ave,Anaheim, CA 92806",33.861251,-117.851077,Anaheim
180,"3248 W Lincoln Ave,Anaheim, CA 92801",33.831288,-118.004589,Anaheim
181,"1217 S Western Ave,Anaheim, CA 92804",33.816568,-118.002392,Anaheim
182,"500 S Knott Ave,Anaheim, CA 92804",33.825406,-118.010402,Anaheim
183,"5959 E Avenida La Vida,Anaheim, CA 92807",33.843316,-117.783306,Anaheim
184,"440 S Anaheim Hills Rd,Anaheim, CA 92807",33.845528,-117.77578,Anaheim
185,"8141 E Kaiser Blvd Ste 203,Anaheim, CA 92808",33.866558,-117.745084,Anaheim
186,"711 S Weir Canyon Rd,Anaheim, CA 92808",33.861533,-117.740015,Anaheim
187,"610 S Brookhurst St,Anaheim, CA 92804",33.82424,-117.958015,Anaheim
188,"915 S Brookhurst St,Anaheim, CA 92804",33.819471,-117.960056,Anaheim
189,"1201 N Magnolia Ave,Anaheim, CA 92801",33.851654,-117.977772,Anaheim
190,"1741 N Kellogg Dr,Anaheim, CA 92807",33.866002,-117.804987,Anaheim
191,"230 S Rose St,Anaheim, CA 92805",33.836742,-117.902587,Anaheim
192,"859 S Harbor Blvd,Anaheim, CA 92805",33.823616,-117.9164,Anaheim
193,"1120 W La Palma Ave Ste 4,Anaheim, CA 92801",33.846736,-117.932642,Anaheim
194,"1151 N Euclid St Ste C,Anaheim, CA 92801",33.848639,-117.94259,Anaheim
195,"1811 W La Palma Ave,Anaheim, CA 92801",33.847371,-117.945536,Anaheim
196,"1731 W Katella Ave Ste F,Anaheim, CA 92804",33.803818,-117.942696,Anaheim
197,"221 S Magnolia Ave,Anaheim, CA 92804",33.828819,-117.97641,Anaheim
198,"2612 W Lincoln Ave,Anaheim, CA 92801",33.831623,-117.977011,Anaheim
199,"1332 S Magnolia Ave,Anaheim, CA 92804",33.814206,-117.975356,Anaheim
200,"1320 S Oriole St,Anaheim, CA 92804",33.814385,-118.013117,Anaheim
201,"609 N Olive St,Anaheim, CA 92805",33.841975,-117.912219,Anaheim
245,"2930 E 4th St,Long Beach, CA 90814",33.771437,-118.157298,Long Beach
246,"6550 E Pacific Coast Hwy,Long Beach, CA 90803",33.754426,-118.108692,Long Beach
247,"4550 Atlantic Ave,Long Beach, CA 90807",33.841092,-118.182869,Long Beach
248,"6501 E Spring St,Long Beach, CA 90808",33.811121,-118.106371,Long Beach
249,"2211 E Anaheim St,Long Beach, CA 90804",33.782885,-118.165149,Long Beach
250,"2230 E Anaheim St,Long Beach, CA 90804",33.78228,-118.164694,Long Beach
251,"1960 Santa Fe Ave,Long Beach, CA 90810",33.792839,-118.215136,Long Beach
252,"6235 E Spring St,Long Beach, CA 90808",33.811155,-118.10996,Long Beach
253,"1701 Magnolia Ave,Long Beach, CA 90813",33.788057,-118.198315,Long Beach
254,"2038 E 10th St,Long Beach, CA 90804",33.778475,-118.167103,Long Beach
255,"2080 N Bellflower Blvd,Long Beach, CA 90815",33.797395,-118.121307,Long Beach
256,"2900 E Anaheim St,Long Beach, CA 90804",33.782305,-118.157636,Long Beach
257,"2222 N Bellflower Blvd,Long Beach, CA 90815",33.797395,-118.121307,Long Beach
258,"6820 Long Beach Blvd,Long Beach, CA 90805",33.878123,-118.203564,Long Beach
259,"2120 Pacific Ave,Long Beach, CA 90806",33.795799,-118.193146,Long Beach
260,"3210 E Anaheim St,Long Beach, CA 90804",33.781672,-118.153509,Long Beach
261,"4580 Atlantic Ave,Long Beach, CA 90807",33.842188,-118.184132,Long Beach
262,"4700 Cherry Ave,Long Beach, CA 90807",33.845297,-118.166981,Long Beach
263,"5450 Cherry Ave,Long Beach, CA 90805",33.855646,-118.167189,Long Beach
264,"425 E Ocean Blvd,Long Beach, CA 90802",33.767024,-118.186904,Long Beach
265,"146 Linden Ave,Long Beach, CA 90802",33.7689,-118.185954,Long Beach
266,"443 Pine Ave,Long Beach, CA 90802",33.772398,-118.192762,Long Beach
267,"603 Atlantic Ave,Long Beach, CA 90802",33.774342,-118.185352,Long Beach
268,"1070 E Broadway,Long Beach, CA 90802",33.768517,-118.178872,Long Beach
269,"146 W 10th St,Long Beach, CA 90813",33.77879,-118.192901,Long Beach
270,"818 E 10th St,Long Beach, CA 90813",33.778785,-118.181938,Long Beach
271,"1145 Long Beach Blvd,Long Beach, CA 90813",33.78111,-118.189808,Long Beach
272,"1340 E 7th St,Long Beach, CA 90813",33.774819,-118.174164,Long Beach
273,"324 E Anaheim St,Long Beach, CA 90813",33.782075,-118.188366,Long Beach
274,"1319 Long Beach Blvd,Long Beach, CA 90813",33.782985,-118.189831,Long Beach
275,"1350 Pine Ave,Long Beach, CA 90813",33.78357,-118.192106,Long Beach
276,"810 E Anaheim St,Long Beach, CA 90813",33.782415,-118.182536,Long Beach
277,"305 W Anaheim St,Long Beach, CA 90813",33.782904,-118.195436,Long Beach
278,"1242 Martin Luther King Jr Ave,Long Beach, CA 90813",33.781906,-118.180496,Long Beach
279,"1404 E 10th St,Long Beach, CA 90813",33.77871,-118.1741,Long Beach
280,"915 E Anaheim St,Long Beach, CA 90813",33.782945,-118.182299,Long Beach
281,"1437 E 10th St,Long Beach, CA 90813",33.779162,-118.173426,Anaheim
282,"625 W Anaheim St,Long Beach, CA 90813",33.783198,-118.19993,Long Beach
283,"1547 E 10th St,Long Beach, CA 90813",33.779164,-118.172165,Long Beach
284,"1165 E Anaheim St,Long Beach, CA 90813",33.782916,-118.177339,Long Beach
285,"1331 Oregon Ave,Long Beach, CA 90813",33.797395,-118.121307,Long Beach
286,"1241 E Anaheim St,Long Beach, CA 90813",33.782887,-118.175792,Long Beach
287,"1425 Magnolia Ave,Long Beach, CA 90813",33.785127,-118.198408,Long Beach
288,"1420 E Anaheim St,Long Beach, CA 90813",33.78236,-118.173838,Anaheim
289,"1436 E Anaheim St,Long Beach, CA 90813",33.78236,-118.173203,Anaheim
290,"1501 Magnolia Ave,Long Beach, CA 90813",33.786119,-118.19828,Long Beach
291,"1883 E 10th St,Long Beach, CA 90813",33.779123,-118.168967,Long Beach
292,"1569 E Anaheim St,Long Beach, CA 90813",33.782897,-118.172264,Anaheim
293,"1480 Alamitos Ave,Long Beach, CA 90813",33.785897,-118.176653,Long Beach
294,"1741 Atlantic Ave,Long Beach, CA 90813",33.788796,-118.185389,Long Beach
295,"1639 Alamitos Ave,Long Beach, CA 90813",33.787828,-118.176557,Long Beach
296,"1842 E Anaheim St,Long Beach, CA 90813",33.782248,-118.169027,Anaheim
297,"200 E Pacific Coast Hwy,Long Beach, CA 90806",33.789625,-118.190772,Long Beach
298,"340 W Pacific Coast Hwy,Long Beach, CA 90806",33.789594,-118.195978,Long Beach
299,"245 W Pacific Coast Hwy,Long Beach, CA 90806",33.790105,-118.194734,Long Beach
300,"801 E Pacific Coast Hwy,Long Beach, CA 90806",33.790026,-118.18253,Long Beach
301,"1710 E Pacific Coast Hwy,Long Beach, CA 90806",33.789667,-118.17072,Long Beach
302,"1990 Magnolia Ave,Long Beach, CA 90806",33.793265,-118.197824,Long Beach
303,"1837 E Pacific Coast Hwy,Long Beach, CA 90806",33.79016,-118.16904,Long Beach
304,"2093 Pacific Ave,Long Beach, CA 90806",33.795138,-118.194069,Long Beach
305,"2001 Orange Ave,Long Beach, CA 90806",33.793636,-118.176637,Long Beach
306,"644 Redondo Ave,Long Beach, CA 90814",33.774282,-118.151843,Long Beach
307,"2295 Pasadena Ave,Long Beach, CA 90806",33.798794,-118.187417,Long Beach
308,"2345 Pacific Ave,Long Beach, CA 90806",33.79984,-118.194051,Long Beach
309,"2090 Santa Fe Ave,Long Beach, CA 90810",33.795116,-118.215178,Long Beach
310,"2038 E 109th St,Long Beach, CA 90804",33.797395,-118.121307,Long Beach
311,"300 E Willow St,Long Beach, CA 90806",33.803975,-118.188732,Long Beach
312,"590 E Willow St,Long Beach, CA 90806",33.804116,-118.185329,Long Beach
313,"2400 Santa Fe Ave,Long Beach, CA 90810",33.800941,-118.215085,Long Beach
314,"1320 W Willow St Ste E,Long Beach, CA 90810",33.804104,-118.209235,Long Beach
315,"2520 Santa Fe Ave,Long Beach, CA 90810",33.80269,-118.214863,Long Beach
316,"2569 Santa Fe Ave,Long Beach, CA 90810",33.803795,-118.215778,Long Beach
317,"2000 W Willow St,Long Beach, CA 90810",33.804114,-118.218854,Long Beach
318,"4434 E Pacific Coast Hwy,Long Beach, CA 90804",33.78832,-118.140772,Long Beach
319,"1818 Ximeno Ave,Long Beach, CA 90815",33.791153,-118.137833,Long Beach
320,"5760 E 7th St,Long Beach, CA 90803",33.774911,-118.119396,Long Beach
321,"3667 Delta Ave,Long Beach, CA 90810",33.823479,-118.211343,Long Beach
322,"3766 Orange Ave,Long Beach, CA 90807",33.826403,-118.17598,Long Beach
323,"1850 W Wardlow Rd,Long Beach, CA 90810",33.824039,-118.217551,Long Beach
324,"6255 E 2nd St,Long Beach, CA 90803",33.758411,-118.112631,Long Beach
325,"6451 E Pacific Coast Hwy,Long Beach, CA 90803",33.756837,-118.108455,Long Beach
326,"4121 Atlantic Ave,Long Beach, CA 90807",33.832202,-118.185438,Long Beach
327,"6700 E Pacific Coast Hwy,Long Beach, CA 90803",33.752881,-118.107292,Long Beach
328,"1190 E Carson St,Long Beach, CA 90807",33.831893,-118.176862,Long Beach
329,"4114 Orange Ave,Long Beach, CA 90807",33.833069,-118.175717,Long Beach
330,"4210 Long Beach Blvd,Long Beach, CA 90807",33.835638,-118.188808,Long Beach
331,"4000 Cover St,Long Beach, CA 90808",33.827425,-118.146994,Long Beach
332,"5871 E Rogene St,Long Beach, CA 90815",33.806072,-118.117059,Long Beach
333,"5639 E Pageantry St,Long Beach, CA 90808",33.812635,-118.121784,Long Beach
334,"5077 E Lew Davis St,Long Beach, CA 90808",33.830203,-118.134879,Long Beach
335,"4945 Long Beach Blvd,Long Beach, CA 90805",33.845868,-118.193882,Long Beach
336,"2054 Roxanne Ave,Long Beach, CA 90815",33.793742,-118.096266,Long Beach
337,"6436 E Spring St,Long Beach, CA 90815",33.809809,-118.106993,Long Beach
338,"5353 Long Beach Blvd,Long Beach, CA 90805",33.853449,-118.196635,Long Beach
339,"309 E Market St,Long Beach, CA 90805",33.854559,-118.189546,Long Beach
340,"343 E Market St,Long Beach, CA 90805",33.85456,-118.18895,Long Beach
341,"2813 E South St,Long Beach, CA 90805",33.860471,-118.158193,Los Angeles
342,"6001 Atlantic Ave,Long Beach, CA 90805",33.863934,-118.185317,Anaheim
343,"6170 N Paramount Blvd,Long Beach, CA 90805",33.797395,-118.121307,Long Beach
344,"6350 Long Beach Blvd,Long Beach, CA 90805",33.870096,-118.201151,Long Beach
345,"297 E Neece St,Long Beach, CA 90805",33.872204,-118.197102,Long Beach
346,"1009 E Artesia Blvd,Long Beach, CA 90805",33.874902,-118.181107,Long Beach
347,"8145 E Wardlow Rd,Long Beach, CA 90808",33.818224,-118.070225,Long Beach
348,"6800 Long Beach Blvd,Long Beach, CA 90805",33.877928,-118.203505,Long Beach
349,"101 E Willow St,Long Beach, CA 90806",33.805316,-118.192328,Long Beach
350,"1500 W Willow St,Long Beach, CA 90810",33.803777,-118.212726,Long Beach
351,"402 E 3rd St,Long Beach, CA 90802",33.770219,-118.187292,Long Beach
352,"954 E 4th St,Long Beach, CA 90802",33.771557,-118.180114,Long Beach
353,"1168 E 4th St,Long Beach, CA 90802",33.771474,-118.176594,Long Beach
354,"1033 Long Beach Blvd,Long Beach, CA 90813",33.779736,-118.189981,Long Beach
355,"960 Daisy Ave,Long Beach, CA 90813",33.778791,-118.199133,Long Beach
356,"1198 E 10th St,Long Beach, CA 90813",33.778819,-118.176596,Long Beach
357,"1181 E 10th St,Long Beach, CA 90813",33.779163,-118.176675,Long Beach
358,"1318 Pine Ave,Long Beach, CA 90813",33.783034,-118.191999,Long Beach
359,"1255 E 10th St,Long Beach, CA 90813",33.779164,-118.175195,Long Beach
360,"1741 E 7th St,Long Beach, CA 90813",33.77562,-118.170099,Long Beach
361,"1612 Pine Ave,Long Beach, CA 90813",33.787422,-118.191997,Long Beach
362,"2444 E 4th St,Long Beach, CA 90814",33.771551,-118.161902,Long Beach
363,"1814 Atlantic Ave,Long Beach, CA 90806",33.790292,-118.184702,Long Beach
364,"745 E Pacific Coast Hwy,Long Beach, CA 90806",33.790018,-118.183048,Long Beach
365,"1030 E Pacific Coast Hwy,Long Beach, CA 90806",33.789619,-118.179899,Long Beach
366,"1732 E 15th St,Long Beach, CA 90813",33.786077,-118.170124,Long Beach
367,"2148 E Anaheim St,Long Beach, CA 90804",33.782307,-118.165861,Anaheim
368,"1941 Atlantic Ave,Long Beach, CA 90806",33.792442,-118.185251,Long Beach
369,"2726 E 10th St,Long Beach, CA 90804",33.778816,-118.1596,Long Beach
370,"2505 E Anaheim St,Long Beach, CA 90804",33.782891,-118.162038,Anaheim
371,"2610 E Anaheim St,Long Beach, CA 90804",33.782311,-118.160808,Anaheim
372,"2700 E Anaheim St,Long Beach, CA 90804",33.782311,-118.159789,Anaheim
373,"2127 E 17th St,Long Beach, CA 90804",33.788194,-118.165615,Long Beach
374,"2401 E 15th St,Long Beach, CA 90804",33.786438,-118.163121,Long Beach
375,"1449 W Pacific Coast Hwy,Long Beach, CA 90810",33.790138,-118.211685,Long Beach
376,"2202 Long Beach Blvd,Long Beach, CA 90806",33.797477,-118.188956,Long Beach
377,"2201 Pacific Ave,Long Beach, CA 90806",33.797325,-118.194055,Long Beach
379,"1919 E 71st St,Chicago, IL 60649",41.7659,-87.577613,Chicago
380,"3604 W 59th St,Chicago, IL 60629",41.786353,-87.71383,Chicago
381,"7401 N Clark St,Chicago, IL 60626",42.016108,-87.674647,Chicago
382,"2100 W 95th St,Chicago, IL 60643",41.721325,-87.674717,Chicago
383,"2101 W Cermak Rd,Chicago, IL 60608",41.851887,-87.678931,Chicago
384,"3460 N Broadway St,Chicago, IL 60657",41.944911,-87.646613,Chicago
385,"6107 S Archer Ave,Chicago, IL 60638",41.793839,-87.770304,Chicago
386,"550 N State St,Chicago, IL 60654",41.892171,-87.628573,Chicago
387,"4821 W North Ave,Chicago, IL 60639",41.908369,-87.747411,Chicago
388,"3640 N Halsted St,Chicago, IL 60613",41.948553,-87.649908,Chicago
389,"2105 S Michigan Ave,Chicago, IL 60616",41.853683,-87.623375,Chicago
390,"1147 S Wabash Ave,Chicago, IL 60605",41.867649,-87.625586,Chicago
391,"730 S Clark St,Chicago, IL 60605",41.872448,-87.63096,Chicago
392,"309 S Halsted St,Chicago, IL 60661",41.87761,-87.647047,Chicago
393,"405 N Wabash Ave,Chicago, IL 60611",41.889814,-87.625789,Chicago
394,"314 N Leavitt St,Chicago, IL 60612",41.887147,-87.682043,Chicago
395,"3240 W Roosevelt Rd,Chicago, IL 60624",41.867678,-87.707214,Chicago
396,"200 E Delaware Pl,Chicago, IL 60611",41.899521,-87.621297,Chicago
397,"1126 E 47th St,Chicago, IL 60653",41.81049,-87.59818,Chicago
398,"75 W Elm St,Chicago, IL 60610",41.902847,-87.630916,Chicago
399,"5401 S Wentworth Ave,Chicago, IL 60609",41.796225,-87.630305,Chicago
400,"420 S Pulaski Rd,Chicago, IL 60624",41.874603,-87.726274,Chicago
401,"1639 N Wells St,Chicago, IL 60614",41.912044,-87.634151,Chicago
402,"1526 E 55th St Ste 1,Chicago, IL 60615",41.795699,-87.588389,Chicago
403,"2345 N Clark St,Chicago, IL 60614",41.924983,-87.639878,Chicago
404,"3256 N Milwaukee Ave,Chicago, IL 60618",41.940095,-87.726146,Chicago
405,"3432 W Irving Park Rd,Chicago, IL 60618",41.87897,-87.66063,Chicago
406,"2632 W Lawrence Ave,Chicago, IL 60625",41.968823,-87.69528,Chicago
407,"6601 W Irving Park Rd Ste 1,Chicago, IL 60634",41.952634,-87.791267,Chicago
408,"10800 S Western Ave,Chicago, IL 60643",41.696891,-87.681721,Chicago
409,"10300 S Ewing Ave,Chicago, IL 60617",41.708095,-87.535616,Chicago
410,"5353 N Elston Ave,Chicago, IL 60630",41.979568,-87.757286,Chicago
411,"8827 S Escanaba Ave,Chicago, IL 60617",41.734684,-87.553873,Chicago
412,"4500 N Broadway St,Chicago, IL 60640",41.963795,-87.656869,Chicago
413,"2550 W 26th St,Chicago, IL 60608",41.845095,-87.689988,Chicago
414,"521 W Diversey Pkwy,Chicago, IL 60614",41.87897,-87.66063,Chicago
415,"2959 W Devon Ave,Chicago, IL 60659",41.997323,-87.704322,Chicago
416,"324 S Cicero Ave,Chicago, IL 60644",41.875996,-87.745492,Chicago
417,"5829 S Archer Ave,Chicago, IL 60638",41.795651,-87.759227,Chicago
418,"3626 W Lawrence Ave,Chicago, IL 60625",41.968601,-87.719326,Chicago
419,"1259 S Michigan Ave,Chicago, IL 60605",41.87897,-87.66063,Chicago
420,"135 S La Salle St,Chicago, IL 60603",41.879765,-87.631551,Chicago
421,"2458 S Sacramento Ave,Chicago, IL 60623",41.84651,-87.700528,Chicago
422,"400 E 41st St,Chicago, IL 60653",41.820513,-87.616436,Chicago
423,"4610 S Ashland Ave,Chicago, IL 60609",41.810011,-87.66527,Chicago
424,"1714 W 47th St,Chicago, IL 60609",41.8088,-87.668107,Chicago
425,"2748 W Madison St,Chicago, IL 60612",41.881428,-87.695826,Chicago
426,"4173 S Archer Ave,Chicago, IL 60632",41.817444,-87.698093,Chicago
427,"2416 W 47th St,Chicago, IL 60632",41.808679,-87.68525,Chicago
428,"1054 N Ashland Ave,Chicago, IL 60622",41.901273,-87.667774,Chicago
429,"175 E Delaware Pl,Chicago, IL 60611",41.87897,-87.66063,Chicago
430,"1456 S Pulaski Rd,Chicago, IL 60623",41.860812,-87.725277,Chicago
431,"4045 W 31st St,Chicago, IL 60623",41.83666,-87.726086,Chicago
432,"1009 E 53rd St,Chicago, IL 60615",41.799235,-87.600794,Chicago
433,"5050 S Lake Shore Dr,Chicago, IL 60615",41.802777,-87.58481,Chicago
434,"2535 W 59th St,Chicago, IL 60629",41.786322,-87.687661,Chicago
435,"2121 N Clybourn Ave Unit 9,Chicago, IL 60614",41.919982,-87.661756,Chicago
436,"4334 W 51st St,Chicago, IL 60632",41.87897,-87.66063,Chicago
437,"7205 S Halsted St,Chicago, IL 60621",41.763103,-87.644095,Chicago
438,"2722 N Milwaukee Ave,Chicago, IL 60647",41.930587,-87.710245,Chicago
439,"4404 W Fullerton Ave,Chicago, IL 60639",41.924827,-87.737007,Chicago
440,"959 W 79th St,Chicago, IL 60620",41.87897,-87.66063,Chicago
441,"5259 W Fullerton Ave,Chicago, IL 60639",41.923797,-87.758426,Chicago
442,"3456 N Hamlin Ave,Chicago, IL 60618",41.944494,-87.722746,Chicago
443,"3776 W 79th St,Chicago, IL 60652",41.87897,-87.66063,Chicago
444,"5755 W Fullerton Ave,Chicago, IL 60639",41.923629,-87.770559,Chicago
445,"2600 N Central Ave,Chicago, IL 60639",41.928296,-87.766492,Chicago
446,"4650 N Sheridan Rd,Chicago, IL 60640",41.87897,-87.66063,Chicago
447,"4826 N Sheridan Rd,Chicago, IL 60640",41.969914,-87.655251,Chicago
448,"1714 W Lawrence Ave,Chicago, IL 60640",41.969042,-87.671742,Chicago
449,"2600 E 87th St,Chicago, IL 60617",41.737452,-87.56098,Chicago
450,"8909 S Commercial Ave,Chicago, IL 60617",41.733374,-87.550961,Chicago
451,"5368 W Gale St,Chicago, IL 60630",41.87897,-87.66063,Chicago
452,"351 E 103rd St,Chicago, IL 60628",41.707034,-87.614186,Chicago
453,"10600 S Torrence Ave,Chicago, IL 60617",41.702629,-87.559906,Chicago
454,"1501 W Jarvis Ave,Chicago, IL 60626",42.015661,-87.668474,Chicago
455,"3638 W 16th St,Chicago, IL 60623",41.859216,-87.716748,Chicago
456,"3745 N Lincoln Ave,Chicago, IL 60613",41.950018,-87.675135,Chicago
457,"4833 W Diversey Ave,Chicago, IL 60639",41.931267,-87.747838,Chicago
458,"1341 N Paulina St,Chicago, IL 60622",41.906535,-87.669461,Chicago
459,"1500 N Clybourn Ave Unit C104,Chicago, IL 60610",41.908427,-87.646589,Chicago
460,"6422 W 63rd St,Chicago, IL 60638",41.778334,-87.782204,Chicago
461,"6415 N Central Ave,Chicago, IL 60646",41.998087,-87.763077,Chicago
462,"2657 S Kolin Ave,Chicago, IL 60623",41.842426,-87.732751,Chicago
463,"332 E 58th St,Chicago, IL 60637",41.789534,-87.617853,Chicago
464,"3919 W North Ave,Chicago, IL 60647",41.909634,-87.724845,Chicago
465,"930 W Belmont Ave,Chicago, IL 60657",41.87897,-87.66063,Chicago
466,"6421 N Western Ave,Chicago, IL 60645",41.998443,-87.689637,Chicago
467,"4355 N Sheridan Rd,Chicago, IL 60613",41.961567,-87.653446,Chicago
468,"3570 N Elston Ave,Chicago, IL 60618",41.944908,-87.708446,Chicago
469,"1550 N Kingsbury St,Chicago, IL 60642",41.90876,-87.652758,Chicago
470,"1455 E 57th St,Chicago, IL 60637",41.791345,-87.58948,Chicago
471,"3555 N Central Ave,Chicago, IL 60634",41.945592,-87.766286,Chicago
472,"2550 N Clybourn Ave,Chicago, IL 60614",41.927158,-87.674367,Chicago
473,"7908 S Exchange Ave,Chicago, IL 60617",41.87897,-87.66063,Chicago
474,"40 S Halsted St,Chicago, IL 60661",41.881038,-87.647859,Chicago
475,"3531 N Broadway St,Chicago, IL 60657",41.946872,-87.646174,Chicago
476,"1763 W Howard St,Chicago, IL 60626",42.017572,-87.674604,Chicago
477,"3424 W 26th St,Chicago, IL 60623",41.844608,-87.710923,Chicago
478,"5220 S Pulaski Rd,Chicago, IL 60632",41.797631,-87.724731,Chicago
479,"10736 S Ewing Ave,Chicago, IL 60617",41.699753,-87.535556,Chicago
480,"2200 S Western Ave,Chicago, IL 60608",41.851578,-87.687026,Chicago
481,"2551 W Cermak Rd,Chicago, IL 60608",41.850554,-87.689997,Chicago
482,"370 N Desplaines St,Chicago, IL 60661",41.888657,-87.64516,Chicago
483,"4640 S Halsted St,Chicago, IL 60609",41.81061,-87.647244,Chicago
484,"7530 S Stony Island Ave,Chicago, IL 60649",41.758255,-87.587549,Chicago
485,"1655 E 95th St,Chicago, IL 60617",41.720261,-87.582316,Chicago
486,"11730 S Marshfield Ave,Chicago, IL 60643",41.680471,-87.664467,Chicago
487,"4734 N Cumberland Ave,Chicago, IL 60656",41.965549,-87.837975,Chicago
488,"1340 S Canal St,Chicago, IL 60607",41.864112,-87.639881,Chicago
489,"1615 S Clark St,Chicago, IL 60616",41.85984,-87.630027,Chicago
490,"3145 S Ashland Ave,Chicago, IL 60608",41.83655,-87.663708,Chicago
491,"1220 S Ashland Ave,Chicago, IL 60608",41.865945,-87.668503,Chicago
492,"1224 S Wabash Ave,Chicago, IL 60605",41.866303,-87.626259,Chicago
493,"77 W Jackson Blvd Ste 20,Chicago, IL 60604",41.877547,-87.630408,Chicago
494,"1 N Halsted St,Chicago, IL 60661",41.882468,-87.646922,Chicago
495,"3857 S King Dr,Chicago, IL 60653",41.824459,-87.616167,Chicago
496,"3030 S Kedzie Ave,Chicago, IL 60623",41.838239,-87.70562,Chicago
497,"435 N Michigan Ave Ste F,Chicago, IL 60611",41.89037,-87.623192,Chicago
498,"255 E Grand Ave,Chicago, IL 60611",41.891629,-87.620501,Chicago
499,"535 N Mcclurg Ct,Chicago, IL 60611",41.87897,-87.66063,Chicago
500,"114 W Chicago Ave,Chicago, IL 60654",41.87897,-87.66063,Chicago
501,"4720 S Cottage Grove Ave,Chicago, IL 60615",41.8088,-87.6068,Chicago
502,"23 W Maple St,Chicago, IL 60610",41.87897,-87.66063,Chicago
503,"424 W Division St,Chicago, IL 60610",41.905142,-87.639363,Chicago
504,"201 W Division St,Chicago, IL 60610",41.87897,-87.66063,Chicago
505,"1722 W Division St,Chicago, IL 60622",41.903564,-87.670869,Chicago
506,"102 W Division St,Chicago, IL 60610",41.90414,-87.631769,Chicago
507,"4934 S Kedzie Ave,Chicago, IL 60632",41.802971,-87.705518,Chicago
508,"800 N Kedzie Ave,Chicago, IL 60651",41.897037,-87.707742,Chicago
509,"3115 111th St,Naperville, IL 60564",41.681241,-88.208011,Naperville
510,"2607 W 75th St,Naperville, IL 60540",41.748727,-88.200372,Naperville
511,"127 E Ogden Ave,Naperville, IL 60563",41.787004,-88.145135,Naperville
512,"2708 Showplace Dr,Naperville, IL 60564",41.715561,-88.207287,Naperville
513,"3116 S Route 59,Naperville, IL 60564",41.708389,-88.204208,Naperville
514,"3075 Book Rd,Naperville, IL 60564",41.708927,-88.18736,Naperville
515,"1300 S Naper Blvd,Naperville, IL 60540",41.749645,-88.112843,Naperville
516,"1568 W Ogden Ave,Naperville, IL 60540",41.768564,-88.184778,Naperville
517,"856 S Route 59,Naperville, IL 60540",41.756,-88.20197,Naperville
518,"1592 W Ogden Ave,Naperville, IL 60540",41.765678,-88.185858,Naperville
519,"1755 W Ogden Ave,Naperville, IL 60540",41.76332,-88.188031,Naperville
520,"712 Prescott Ct,Naperville, IL 60563",41.782834,-88.173057,Naperville
521,"1355 S Route 59,Naperville, IL 60564",41.731072,-88.206879,Naperville
522,"200 E 5th Ave,Naperville, IL 60563",41.780377,-88.142623,Naperville
523,"501 W 87th St,Naperville, IL 60565",41.725406,-88.14905,Naperville
524,"1409 Plainfield Naperville Rd,Naperville, IL 60564",41.746534,-88.16809,Naperville
525,"44 W Gartner Rd,Naperville, IL 60540",41.754373,-88.140775,Naperville
526,"2959 Artesian Rd Ste 103,Naperville, IL 60564",41.725583,-88.205716,Naperville
527,"888 S Route 59 Ste 112,Naperville, IL 60540",41.754048,-88.149814,Naperville
528,"351 E Hillside Rd,Naperville, IL 60540",41.754048,-88.149814,Naperville
529,"2948 Artesian Rd,Naperville, IL 60564",41.724989,-88.204368,Naperville
530,"1260 Iroquois Ave,Naperville, IL 60563",41.792847,-88.12407,Naperville
531,"2526 Braddock Dr,Naperville, IL 60565",41.716978,-88.11407,Naperville
532,"5019 Ace Ln,Naperville, IL 60564Naperville, IL 60540",41.680007,-88.207235,Naperville
533,"124 W Gartner Rd,Naperville, IL 60540",41.753824,-88.141509,Naperville
534,"955 W 75th St,Naperville, IL 60565",41.749667,-88.164717,Naperville
535,"1295 E Ogden Ave,Naperville, IL 60563",41.797557,-88.122515,Naperville
536,"2552 W 75th St,Naperville, IL 60564",41.745799,-88.198512,Naperville
537,"2811 Patriot,Naperville, IL 60563",41.754048,-88.149814,Naperville
538,"1250 W Ogden Ave,Naperville, IL 60563",41.780465,-88.178004,Naperville
539,"1600 Pebblewood Ln,Naperville, IL 60563",41.797029,-88.20576,Naperville
540,"1771 W Diehl Rd,Naperville, IL 60563",41.800072,-88.206766,Naperville
541,"1261 Rhodes Ln,Naperville, IL 60540",41.752124,-88.169479,Naperville
542,"232 S Washington St,Naperville, IL 60540",41.772234,-88.147526,Naperville
543,"190 E 5th Ave,Naperville, IL 60563",41.780673,-88.145405,Naperville
544,"1717 Park St Ste 200,Naperville, IL 60563",41.798525,-88.149551,Naperville
545,"40 Shuman Blvd,Naperville, IL 60563",41.803467,-88.144019,Naperville
546,"31W154 91st St Ste 121,Naperville, IL 60564",41.716898,-88.229281,Naperville
547,"1245 E Diehl Rd Ste 200,Naperville, IL 60563",41.802329,-88.124255,Naperville
548,"1640 Harris Ln,Naperville, IL 60565",41.739377,-88.111046,Naperville
549,"922 S Charles Ave,Naperville, IL 60540",41.758095,-88.129767,Naperville
550,"808 S Route 59,Naperville, IL 60540",41.756688,-88.202969,Naperville
551,"1320 S Route 59,Naperville, IL 60564",41.745602,-88.203407,Naperville
552,"2040 Aurora Ave,Naperville, IL 60540",41.764267,-88.187394,Naperville
553,"506 W 5th Ave,Naperville, IL 60563",41.780215,-88.154908,Naperville
554,"506 S Washington St,Naperville, IL 60540",41.769763,-88.147904,Naperville
555,"605 N Ellsworth St Ste 1,Naperville, IL 60563",41.782133,-88.145014,Naperville
556,"605 N Ellsworth St,Naperville, IL 60563",41.782133,-88.145014,Naperville
557,"2340 Skylane Dr,Naperville, IL 60564",41.720908,-88.19682,Naperville
558,"2060 95th St,Naperville, IL 60564",41.709557,-88.187713,Naperville
559,"1807 S Washington St Ste 120,Naperville, IL 60565",41.754048,-88.149814,Elgin
560,"232 Brooklea Ct,Naperville, IL 60565",41.72879,-88.125327,Naperville
561,"2409 River Woods Dr,Naperville, IL 60565",41.721026,-88.128926,Naperville
562,"3748 Celeste Ln,Naperville, IL 60564Naperville, IL 60540",41.699234,-88.168051,Naperville
563,"475 River Bend Rd Ste 101,Naperville, IL 60540",41.768496,-88.163488,Naperville
564,"1157 N Eola Rd,Aurora, IL 60502",41.78001,-88.238172,Elgin
565,"4444 Ogden Ave,Aurora, IL 60504",41.753958,-88.207833,Naperville
566,"3025 E New York St,Aurora, IL 60504",41.758214,-88.241454,Naperville
567,"3577 E New York St Ste 110,Aurora, IL 60504",41.759858,-88.228363,Naperville
568,"1660 Larkin Ave,Elgin, IL 60123",42.034734,-88.319295,Elgin
569,"1195 N Mclean Blvd,Elgin, IL 60123",42.03831,-88.290742,Elgin
570,"822 Summit St,Elgin, IL 60120",42.047356,-88.259963,Elgin
571,"306 S Mclean Blvd,Elgin, IL 60123",42.02626,-88.314479,Elgin
572,"3 Clock Tower Plz,Elgin, IL 60120",42.028511,-88.276495,Elgin
573,"20 Tyler Creek Plz,Elgin, IL 60123",42.0592,-88.312983,Elgin
574,"692 Villa St Ste 1,Elgin, IL 60120",42.029738,-88.264095,Elgin
575,"215 S Randall Rd,Elgin, IL 60123",42.027303,-88.336781,Elgin
576,"1 Clock Tower Plz,Elgin, IL 60120",42.028511,-88.276495,Elgin
577,"1670 Larkin Ave,Elgin, IL 60123",42.03831,-88.290742,Elgin
578,"75 Market St,Elgin, IL 60123",42.035996,-88.318629,Elgin
579,"1118 South St,Elgin, IL 60123",42.026201,-88.306314,Elgin
580,"776 Walnut Ave,Elgin, IL 60123",42.028877,-88.297621,Elgin
581,"347 N McLean Blvd,Elgin, IL 60123",41.997309,-88.314937,Elgin
582,"54 National St,Elgin, IL 60123",42.029871,-88.281829,Elgin
583,"419 Dundee Ave,Elgin, IL 60120",42.044927,-88.276965,Elgin
584,"455 Bluff City Blvd,Elgin, IL 60120",42.018955,-88.26939,Elgin
585,"663 Villa St,Elgin, IL 60120",42.029618,-88.26571,Elgin
586,"879 Villa St,Elgin, IL 60120",42.026513,-88.257717,Elgin
587,"1040 Summit St,Elgin, IL 60120",42.047876,-88.253116,Elgin
588,"1175 Sebring Dr,Elgin, IL 60120",42.039155,-88.245683,Elgin
589,"1350 E Chicago St,Elgin, IL 60120",42.031438,-88.238177,Chicago
590,"725 W Chicago St,Elgin, IL 60123",42.034436,-88.295593,Chicago
591,"401 Villa St,Elgin, IL 60120",42.031146,-88.272138,Elgin
592,"925 N Liberty St,Elgin, IL 60120",42.053601,-88.266931,Elgin
593,"920 Villa St,Elgin, IL 60120",42.025915,-88.255223,Elgin
594,"1100 S Randall Rd,Elgin, IL 60123",42.003871,-88.338974,Elgin
595,"2226 Menards Dr,Elgin, IL 60123",42.03831,-88.290742,Elgin
596,"815 S Randall Rd,Elgin, IL 60123",42.011939,-88.333809,Elgin
597,"771 Walnut Ave,Elgin, IL 60123",42.02845,-88.297585,Elgin
598,"500 Bird St,Elgin, IL 60123",42.045671,-88.29577,Elgin
599,"1443 Holmes Rd,Elgin, IL 60123",42.069289,-88.313202,Elgin
600,"385 Airport Rd Ste 108,Elgin, IL 60123",42.067363,-88.2872,Elgin
601,"2425 Alft Ln,Elgin, IL 60124",42.03831,-88.290742,Elgin
602,"2541 Technology Dr Ste 401,Elgin, IL 60124",42.03831,-88.290742,Elgin
603,"2589 Technology Dr,Elgin, IL 60124",42.090199,-88.34348,Elgin
604,"110 W Chicago St,Elgin, IL 60123",42.036792,-88.286928,Chicago
605,"326 Du Page St,Elgin, IL 60120",42.03831,-88.290742,Elgin
606,"2590 Alft Ln Ste B,Elgin, IL 60124",42.03831,-88.290742,Elgin
607,"1000 S Randall Rd,Elgin, IL 60123",42.006146,-88.340407,Elgin
608,"452 N Grove Ave,Elgin, IL 60120",42.045697,-88.287294,Elgin
609,"465 Dundee Ave,Elgin, IL 60120",42.04569,-88.276249,Elgin
610,"740 Schneider Dr,South Elgin, IL 60177",42.006831,-88.301641,Elgin
611,"1175 W Spring St,South Elgin, IL 60177",41.99231,-88.306131,Elgin
612,"804 N La Fox St,South Elgin, IL 60177",42.001642,-88.297994,Elgin
613,"622 Randall Rd,South Elgin, IL 60177",41.971707,-88.342846,Elgin
614,"Route 16 - Johnstown Mall,Shelbyville, IL 60124",39.410018,-88.796048,Elgin
615,"558 Randall Rd,South Elgin, IL 60177",41.973843,-88.343149,Elgin
616,"939 E Irving Park Rd,Streamwood, IL 60107",42.008357,-88.159994,Elgin
617,"350 Lake Marian Rd,Carpentersville, IL 60110",42.122261,-88.259679,Elgin
618,"3301 Greenwood Ln,Saint Charles, IL 60175",41.943592,-88.327346,Elgin
619,"38W280 Chickasaw Ct,Saint Charles, IL 60175",41.971647,-88.365437,Chicago
620,"2N710 Randall Rd,Saint Charles, IL 60174",41.914834,-88.306957,Naperville
621,"40W188 Campton Crossings Dr,Saint Charles, IL 60175",41.935724,-88.398773,Elgin
622,"300 S 2nd St,Saint Charles, IL 60174",41.910513,-88.314316,Elgin
623,"2100 Randall Rd,Carpentersville, IL 60110",42.119815,-88.338464,Elgin
624,"39 Barrington Rd,Schaumburg, IL 60194",42.017191,-88.079533,Elgin
625,"421 E Main St,East Dundee, IL 60118",42.097228,-88.247276,Naperville
626,"2636 Irving Blvd,Dallas, TX 75207",32.801824,-96.842259,Dallas
627,"309 N Marsalis Ave,Dallas, TX 75203",32.751555,-96.815968,Dallas
628,"10720 Preston Rd Ste 1018,Dallas, TX 75230",32.894155,-96.80197,Dallas
629,"2218 abrams rd,Dallas, TX 75231",32.736212,-96.784359,Dallas
630,"4827 Columbia Ave,Dallas, TX 75226",32.795296,-96.764066,Dallas
631,"5308 Maple Ave,Dallas, TX 75235",32.81792,-96.831672,Dallas
632,"3524 Mckinney Ave,Dallas, TX 75204",32.805918,-96.797373,Dallas
633,"2325 N Fitzhugh Ave,Dallas, TX 75204",32.81088,-96.782155,Dallas
634,"9780 Walnut St,Dallas, TX 75243",32.921951,-96.719045,Dallas
635,"4823 Bryan St,Dallas, TX 75204",32.803836,-96.774021,Dallas
636,"1800 N Henderson Ave,Dallas, TX 75206",32.811209,-96.772687,Dallas
637,"611 W Jefferson Blvd,Dallas, TX 75208",32.743953,-96.833051,Dallas
638,"4001 Villanova St,Dallas, TX 75225",32.736212,-96.784359,Dallas
639,"1314 S Buckner Blvd,Dallas, TX 75217",32.735112,-96.681823,Dallas
640,"1201 W Camp Wisdom Rd,Dallas, TX 75232",32.663157,-96.841442,Dallas
641,"825 S Carroll Ave,Dallas, TX 75223",32.786755,-96.762373,Dallas
642,"4800 Columbia Ave,Dallas, TX 75226",32.794217,-96.763542,Dallas
643,"4523 Maple Ave,Dallas, TX 75219",32.811957,-96.823757,Dallas
644,"521 W Davis St,Dallas, TX 75208",32.749683,-96.831234,Dallas
645,"2823 Cedar Crest Blvd,Dallas, TX 75203",32.736212,-96.784359,Dallas
646,"1120 S Westmoreland Rd,Dallas, TX 75211",32.733357,-96.873514,Dallas
647,"3439 Maybeth St,Dallas, TX 75212",32.784896,-96.903779,Dallas
648,"3195 Great Trinity Forest Way,Dallas, TX 75216",32.697637,-96.764376,Dallas
649,"3324 Dilido Rd,Dallas, TX 75228",32.805304,-96.688107,Dallas
650,"2130 E Ledbetter Dr,Dallas, TX 75216",32.685368,-96.788612,Dallas
651,"7036 Great Trinity Forest Way,Dallas, TX 75217",32.712651,-96.700363,Dallas
652,"10020 Marsh Ln,Dallas, TX 75229",32.881439,-96.855049,Dallas
653,"11422 Harry Hines Blvd,Dallas, TX 75229",32.897504,-96.890291,Dallas
654,"11528 Harry Hines Blvd,Dallas, TX 75229",32.901083,-96.891468,Dallas
655,"4120 Gaston Ave,Dallas, TX 75246",32.794405,-96.775661,Dallas
656,"421 W Lawson Rd Trlr 40,Dallas, TX 75253",32.736212,-96.784359,Dallas
657,"4525 Cole Ave,Dallas, TX 75205",32.821921,-96.789795,Dallas
658,"501 S Rosemont Ave,Dallas, TX 75208",32.741084,-96.848116,Dallas
659,"7602 Great Trinity Forest Way,Dallas, TX 75217",32.712368,-96.691086,Dallas
660,"7932 Great Trinity Forest Way,Dallas, TX 75217",32.711541,-96.685237,Dallas
661,"4835 Samuell Blvd,Dallas, TX 75228",32.793189,-96.712593,Dallas
662,"3460 Webb Chapel Ext,Dallas, TX 75220",32.864337,-96.863915,Dallas
663,"2822 Mckinney Ave,Dallas, TX 75204",32.799307,-96.800622,Dallas
664,"6565 Hillcrest Ave,Dallas, TX 75205",32.736212,-96.784359,Dallas
665,"6333 E Mockingbird Ln,Dallas, TX 75214",32.837814,-96.754553,Dallas
666,"1005 N Cockrell Hill Rd,Dallas, TX 75211",32.750906,-96.893963,Dallas
667,"3890 W Northwest Hwy Ste 300,Dallas, TX 75220",32.736212,-96.784359,Dallas
668,"3025 Webb Chapel Ext,Dallas, TX 75220",32.858769,-96.86885,Dallas
669,"200 Short Blvd,Dallas, TX 75232",32.68372,-96.825316,Dallas
670,"11920-11940 Preston Rd,Dallas, TX 75230",32.736212,-96.784359,Dallas
671,"12835 Preston Rd Ste 302,Dallas, TX 75230",32.736212,-96.784359,Dallas
672,"12789 Midway Rd,Dallas, TX 75244",32.736212,-96.784359,Dallas
673,"4051 Lyndon B Johnson Fwy,Dallas, TX 75244",32.736212,-96.784359,Dallas
674,"7007 Arapaho Rd,Dallas, TX 75248",32.963128,-96.787416,Dallas
675,"18121 Marsh Ln,Dallas, TX 75287",32.995288,-96.858222,Dallas
676,"1201 Main St,Dallas, TX 75202",32.912977,-96.645164,Dallas
677,"1800 Main St,Dallas, TX 75201",32.781193,-96.795835,Dallas
678,"2001 Ross Ave,Dallas, TX 75201",32.787556,-96.799261,Dallas
679,"2823 Hallsville St,Dallas, TX 75204",32.736212,-96.784359,Dallas
680,"1409 Botham Jean Blvd,Dallas, TX 75215",32.736212,-96.784359,Dallas
681,"1909 S Cesar Chavez Blvd,Dallas, TX 75215",32.772804,-96.783019,Dallas
682,"1414 Dragon St,Dallas, TX 75207",32.790985,-96.819098,Dallas
683,"3311 Elm St Apt 117,Dallas, TX 75226",32.736212,-96.784359,Dallas
684,"200 Corinth St,Dallas, TX 75207",32.759707,-96.792941,Dallas
685,"4319 Belmont Ave,Dallas, TX 75204",32.808467,-96.789316,Dallas
686,"3230 Martin Luther King Jr Blvd,Dallas, TX 75210",32.773234,-96.762586,Dallas
687,"3878 Oak Lawn Ave Ste 180,Dallas, TX 75219",32.736212,-96.784359,Dallas
688,"2118 Abrams Rd,Dallas, TX 75214",32.815693,-96.752206,Dallas
689,"7331 Gaston Ave,Dallas, TX 75214",32.812108,-96.729716,Dallas
690,"7700 W Northwest Hwy,Dallas, TX 75225",32.864372,-96.77422,Dallas
691,"4349 W Northwest Hwy,Dallas, TX 75220",32.865597,-96.836194,Dallas
692,"9727 Webb Chapel Rd,Dallas, TX 75220",32.867602,-96.865978,Dallas
693,"1515 S Buckner Blvd Ste 301,Dallas, TX 75217",32.736212,-96.784359,Dallas
694,"522 Royal Ln,Dallas, TX 75230",32.736212,-96.784359,Dallas
695,"10121 Lake June Rd,Dallas, TX 75217",32.735249,-96.649704,Dallas
696,"5100 Belt Line Rd,Dallas, TX 75254",32.736212,-96.784359,Dallas
697,"4625 Frankford Rd,Dallas, TX 75287",32.998994,-96.827434,Dallas
698,"2100 Mckinney Ave,Dallas, TX 75201",32.791666,-96.802471,Dallas
699,"2050 N Stemmons Fwy,Dallas, TX 75207",32.802725,-96.823765,Dallas
700,"2900 Jb Jackson Jr Blvd,Dallas, TX 75210",32.736212,-96.784359,Dallas
701,"3118 Al Lipscomb Way,Dallas, TX 75215",32.775034,-96.767383,Dallas
702,"2100 N Stemmons Fwy,Dallas, TX 75207",32.80477,-96.826552,Dallas
703,"1516 Martin Luther King Jr Blvd,Dallas, TX 75215",32.760373,-96.778179,Dallas
704,"3021 Martin Luther King Jr Blvd,Dallas, TX 75215",32.77209,-96.765704,Dallas
705,"778 Fort Worth Ave Ste G100,Dallas, TX 75208",32.736212,-96.784359,Dallas
706,"3878 Oak Lawn Ave,Dallas, TX 75219",32.815715,-96.801111,Dallas
707,"506 S Fitzhugh Ave,Dallas, TX 75223",32.792512,-96.760115,Dallas
708,"112 N Collett Ave,Dallas, TX 75214",32.797072,-96.761985,Dallas
709,"200 N Corinth Street Rd,Dallas, TX 75203",32.749269,-96.798722,Dallas
710,"2213 Dathe St,Dallas, TX 75215",32.736212,-96.784359,Dallas
711,"1510 Morris St,Dallas, TX 75212",32.783062,-96.844234,Dallas
712,"4501 Cole Ave,Dallas, TX 75205",32.736212,-96.784359,Dallas
713,"1000 Avenue E,Dallas, TX 75203",32.907806,-96.642938,Dallas
714,"2203 Lagow St,Dallas, TX 75210",32.775022,-96.750707,Dallas
715,"4126 Metropolitan Ave,Dallas, TX 75210",32.77457,-96.74995,Dallas
716,"1827 S Haskell Ave,Dallas, TX 75223",32.782899,-96.748663,Dallas
717,"300 E Jefferson Blvd,Dallas, TX 75203",32.744461,-96.819969,Dallas
718,"634 W Davis St,Dallas, TX 75208",32.749221,-96.832835,Dallas
719,"4302 Malcolm X Blvd,Dallas, TX 75215",32.759064,-96.756238,Dallas
720,"3719 Spring Ave,Dallas, TX 75210",32.769548,-96.749126,Dallas
721,"3807 E Kiest Blvd,Dallas, TX 75203",32.738663,-96.789183,Dallas
722,"1008 W Davis St,Dallas, TX 75208",32.749317,-96.839606,Dallas
723,"511 W Jefferson Blvd,Dallas, TX 75208",32.743471,-96.830749,Dallas
724,"5328 Lemmon Ave,Dallas, TX 75209",32.826782,-96.82239,Dallas
725,"2500 Lawrence St,Dallas, TX 75215",32.751899,-96.756092,Dallas
726,"121 N Beach St,Fort Worth, TX 76111",32.729442,-97.33181,Fort Worth
727,"4651 West Fwy # 100,Fort Worth, TX 76107",32.729442,-97.33181,Fort Worth
728,"2700 8th Ave,Fort Worth, TX 76110",32.712478,-97.344778,Fort Worth
729,"4650 SW Loop 820,Fort Worth, TX 76109",32.683027,-97.393983,Fort Worth
730,"1212 N Beach St,Fort Worth, TX 76111",32.780521,-97.289961,Fort Worth
731,"2701 S Hulen St,Fort Worth, TX 76109",32.712041,-97.385243,Fort Worth
732,"2916 Hemphill St,Fort Worth, TX 76110",32.709053,-97.332002,Fort Worth
733,"1212 S Ayers Ave,Fort Worth, TX 76105",32.731899,-97.272108,Fort Worth
734,"4621 E Lancaster Ave,Fort Worth, TX 76103",32.741484,-97.254115,Fort Worth
735,"1200 E Long Ave,Fort Worth, TX 76106",32.804349,-97.339212,Fort Worth
736,"6377 Camp Bowie Blvd,Fort Worth, TX 76116",32.725235,-97.42085,Fort Worth
737,"4400 Western Center Blvd,Fort Worth, TX 76137",32.859712,-97.291315,Fort Worth
738,"2000 Vaughn Blvd,Fort Worth, TX 76105",32.725075,-97.279782,Fort Worth
739,"1604 Montgomery St,Fort Worth, TX 76107",32.743372,-97.370312,Fort Worth
740,"2708 W Seminary Dr,Fort Worth, TX 76133",32.685144,-97.356857,Fort Worth
741,"709 W Central Ave,Fort Worth, TX 76164",32.77366,-97.352628,Fort Worth
742,"2700 Azle Ave,Fort Worth, TX 76106",32.79795,-97.377779,Fort Worth
743,"9595 Boat Club Rd,Fort Worth, TX 76179",32.898728,-97.458569,Fort Worth
744,"2191 Sycamore School Rd,Fort Worth, TX 76134",32.729442,-97.33181,Fort Worth
745,"900 Alta Mere Dr,Fort Worth, TX 76116",32.729442,-97.33181,Fort Worth
746,"1000 Bessie St,Fort Worth, TX 76104",32.739969,-97.31562,Fort Worth
747,"2747 8th Ave,Fort Worth, TX 76110",32.712104,-97.343485,Fort Worth
748,"5337 Ramey Ave,Fort Worth, TX 76105",32.721511,-97.23997,Fort Worth
749,"5536 Bonnell Ave,Fort Worth, TX 76107",32.723829,-97.405859,Fort Worth
750,"6310 Hulen Bend Blvd,Fort Worth, TX 76132",32.729442,-97.33181,Fort Worth
751,"1936 Mitchell Blvd,Fort Worth, TX 76105",32.72549,-97.290841,Fort Worth
752,"2536 E Lancaster Ave,Fort Worth, TX 76103",32.743493,-97.28988,Fort Worth
753,"5001 E Berry St Ste A,Fort Worth, TX 76119",32.729442,-97.33181,Fort Worth
754,"2208 W Seminary Dr,Fort Worth, TX 76115",32.729442,-97.33181,Fort Worth
755,"5549 E Lancaster Ave,Fort Worth, TX 76112",32.738545,-97.234735,Fort Worth
756,"6756 W Vickery Blvd,Fort Worth, TX 76116",32.703367,-97.428115,Fort Worth
757,"1930 Roberts Cut Off Rd,Fort Worth, TX 76114",32.788852,-97.399501,Fort Worth
758,"3905 Telephone Rd,Fort Worth, TX 76135",32.813572,-97.433916,Fort Worth
759,"W 950 W Rosedale St,Fort Worth, TX 76104",32.729442,-97.33181,Fort Worth
760,"1824 Hemphill St,Fort Worth, TX 76110",32.7238,-97.331904,Fort Worth
761,"1023 S Main St,Fort Worth, TX 76104",32.733399,-97.325627,Fort Worth
762,"961 W Magnolia Ave,Fort Worth, TX 76104",32.730324,-97.334804,Fort Worth
763,"1137 E Hattie St,Fort Worth, TX 76104",32.73817,-97.312466,Fort Worth
764,"1701 S Riverside Dr,Fort Worth, TX 76104",32.725895,-97.303254,Fort Worth
765,"2301 S Riverside Dr,Fort Worth, TX 76104",32.719693,-97.303989,Fort Worth
766,"2840 Bryan Ave,Fort Worth, TX 76104",32.710219,-97.325608,Fort Worth
767,"1201 S Riverside Dr,Fort Worth, TX 76104",32.731161,-97.302814,Fort Worth
768,"2601 S Riverside Dr,Fort Worth, TX 76104",32.714607,-97.303777,Fort Worth
769,"3037 South Fwy,Fort Worth, TX 76104",32.707047,-97.319375,Fort Worth
770,"120 Saint Louis Ave,Fort Worth, TX 76104",32.74212,-97.325575,Fort Worth
771,"824 E Berry St,Fort Worth, TX 76110",32.705544,-97.318828,Fort Worth
772,"1200 8th Ave Ste A,Fort Worth, TX 76104",32.732083,-97.344045,Fort Worth
773,"1424 Pennsylvania Ave,Fort Worth, TX 76104",32.738758,-97.341905,Fort Worth
774,"121 E Biddison St,Fort Worth, TX 76110",32.698769,-97.32565,Fort Worth
775,"711 Lamar St,Fort Worth, TX 76102",32.729442,-97.33181,Fort Worth
776,"3500 Hemphill St,Fort Worth, TX 76110",32.698484,-97.33205,Fort Worth
777,"1751 River Run,Fort Worth, TX 76107",32.775177,-97.350416,Fort Worth
778,"1751 River Run # 101,Fort Worth, TX 76107",32.775177,-97.350416,Fort Worth
779,"3227 E Lancaster Ave,Fort Worth, TX 76103",32.740196,-97.278217,Fort Worth
780,"3315 E Lancaster Ave,Fort Worth, TX 76103",32.740241,-97.277574,Fort Worth
781,"3500 E Vickery Blvd,Fort Worth, TX 76105",32.733267,-97.273719,Fort Worth
782,"2509 Weisenberger St,Fort Worth, TX 76107",32.756833,-97.351488,Fort Worth
783,"3500 E Lancaster Ave,Fort Worth, TX 76103",32.740085,-97.274819,Fort Worth
784,"1103 E Seminary Dr,Fort Worth, TX 76115",32.729442,-97.33181,Fort Worth
785,"600 S Riverside Dr,Fort Worth, TX 76104",32.737593,-97.303172,Fort Worth
786,"1121 W Dickson St,Fort Worth, TX 76110",32.693797,-97.337537,Fort Worth
787,"4200 South Fwy,Fort Worth, TX 76115",32.686487,-97.324955,Fort Worth
788,"3303 W Berry St,Fort Worth, TX 76109",32.729442,-97.33181,Fort Worth
789,"1121 E Seminary Dr,Fort Worth, TX 76115",32.729442,-97.33181,Fort Worth
790,"225 Riverside Dr,Fort Worth, TX 76111",32.763457,-97.301423,Fort Worth
791,"4333 Wichita St,Fort Worth, TX 76119",32.700414,-97.279765,Fort Worth
792,"3700 E Rosedale St,Fort Worth, TX 76105",32.730901,-97.27071,Fort Worth
793,"1321 E Seminary Dr,Fort Worth, TX 76115",32.729442,-97.33181,Fort Worth
794,"1349 E Seminary Dr,Fort Worth, TX 76115",32.729442,-97.33181,Fort Worth
795,"3801 E Rosedale St,Fort Worth, TX 76105",32.731522,-97.26926,Fort Worth
796,"1301 W Seminary Dr,Fort Worth, TX 76115",32.684523,-97.338515,Fort Worth
797,"613 North Fwy,Fort Worth, TX 76102",32.76826,-97.320463,Fort Worth
798,"4800 Wichita St,Fort Worth, TX 76119",32.692542,-97.281111,Fort Worth
799,"350 N Riverside Dr,Fort Worth, TX 76111",32.769546,-97.301303,Fort Worth
800,"2200 Miller Ave,Fort Worth, TX 76105",32.722973,-97.26269,Fort Worth
801,"4241 Mccart Ave,Fort Worth, TX 76115",32.729442,-97.33181,Fort Worth
802,"4250 Mccart Ave,Fort Worth, TX 76115",32.729442,-97.33181,Fort Worth
803,"4200 E Rosedale St,Fort Worth, TX 76105",32.730654,-97.261634,Fort Worth
804,"4812 South Fwy,Fort Worth, TX 76115",32.675564,-97.322859,Fort Worth
805,"803 N Sylvania Ave,Fort Worth, TX 76111",32.774449,-97.309027,Fort Worth
806,"3101 E Seminary Dr,Fort Worth, TX 76119",32.685401,-97.282984,Fort Worth
807,"4146 Miller Ave,Fort Worth, TX 76119",32.703377,-97.263287,Fort Worth
808,"4800 James Ave,Fort Worth, TX 76115",32.677081,-97.34544,Fort Worth
809,"4225 Miller Ave,Fort Worth, TX 76119",32.701449,-97.262586,Fort Worth
810,"4344 E Lancaster Ave,Fort Worth, TX 76103",32.740506,-97.25806,Fort Worth
811,"1908 Yucca Ave,Fort Worth, TX 76111",32.780208,-97.31931,ArlingtonTX
812,"4245 Wilbarger St,Fort Worth, TX 76119",32.69962,-97.260559,Fort Worth
813,"4621 Miller Ave,Fort Worth, TX 76119",32.695261,-97.262471,Fort Worth
814,"5124 James Ave,Fort Worth, TX 76115",32.670742,-97.345414,ArlingtonTX
815,"1203 Oak Grove Rd,Fort Worth, TX 76134",32.729442,-97.33181,ArlingtonTX
816,"1209 Oak Grove Rd,Fort Worth, TX 76134",32.667988,-97.309749,ArlingtonTX
817,"1501 N Main St,Fort Worth, TX 76164",32.779652,-97.348388,ArlingtonTX
818,"4743 E Lancaster Ave,Fort Worth, TX 76103",32.729442,-97.33181,ArlingtonTX
819,"4745 E Lancaster Ave,Fort Worth, TX 76103",32.741784,-97.251256,ArlingtonTX
820,"5203 Mccart Ave,Fort Worth, TX 76115",32.729442,-97.33181,Fort Worth
821,"6001 Lt Jg Barnett Rd,Fort Worth, TX 76114",32.775478,-97.411989,Fort Worth
822,"5109 E Lancaster Ave,Fort Worth, TX 76112",32.741665,-97.244006,Fort Worth
823,"2005 N Riverside Dr,Fort Worth, TX 76111",32.788472,-97.302227,ArlingtonTX
824,"5625 Crowley Rd,Fort Worth, TX 76134",32.664168,-97.346853,ArlingtonTX
825,"5221 Camp Bowie Blvd,Fort Worth, TX 76107",32.735102,-97.399521,ArlingtonTX
826,"5037 Wilbarger St,Fort Worth, TX 76119",32.699195,-97.246496,ArlingtonTX
827,"918 NW 21st St,Fort Worth, TX 76164",32.782991,-97.359951,ArlingtonTX
828,"3001 W Arkansas Ln,Arlington, TX 76016",32.685678,-97.102867,ArlingtonTX
829,"1701 W Randol Mill Rd,Arlington, TX 76012",32.751765,-97.13306,ArlingtonTX
830,"6220 Us 287 Hwy,Arlington, TX 76001",32.64448,-97.186598,ArlingtonTX
831,"801 E Lamar,Arlington, TX 76011",32.76649,-97.099087,ArlingtonTX
832,"1655 New York Ave,Arlington, TX 76010",32.71915,-97.079152,ArlingtonTX
833,"701 E Pioneer Pkwy,Arlington, TX 76010",32.709263,-97.099499,ArlingtonTX
834,"4620 S Cooper St,Arlington, TX 76017",32.670431,-97.137357,ArlingtonTX
835,"528 Fielder North Plz,Arlington, TX 76012",32.752225,-97.133509,ArlingtonTX
836,"808 SW Green Oaks Blvd,Arlington, TX 76017",32.658982,-97.117533,ArlingtonTX
837,"5711 W Interstate 20,Arlington, TX 76017",32.676552,-97.194626,ArlingtonTX
838,"1200 W Nathan Lowe Rd,Arlington, TX 76017",32.654801,-97.133112,ArlingtonTX
839,"2610 W Pioneer Pkwy,Arlington, TX 76013",32.708624,-97.150307,ArlingtonTX
840,"915 E Randol Mill Rd,Arlington, TX 76011",32.751025,-97.095415,ArlingtonTX
841,"1300 E Pioneer Pkwy,Arlington, TX 76010",32.707075,-97.090406,ArlingtonTX
842,"2401 E Randol Mill Rd Ste 400,Arlington, TX 76011",32.749566,-97.066206,ArlingtonTX
843,"301 W Division St,Arlington, TX 76011",32.739399,-97.109725,ArlingtonTX
844,"300 W Randol Mill Rd,Arlington, TX 76011",32.749806,-97.109362,ArlingtonTX
845,"520 W Park Row Dr,Arlington, TX 76010",32.685678,-97.102867,ArlingtonTX
846,"801 W Park Row Dr,Arlington, TX 76013",32.685678,-97.102867,ArlingtonTX
847,"1540 S Center St,Arlington, TX 76010",32.719574,-97.103621,ArlingtonTX
848,"1729 S Cooper St,Arlington, TX 76010",32.717085,-97.11416,ArlingtonTX
849,"1201 W Randol Mill Rd,Arlington, TX 76012",32.685678,-97.102867,ArlingtonTX
850,"3400 S Western Rd,Arlington, TX 76014",32.685678,-97.102867,ArlingtonTX
851,"1913 E Abram St,Arlington, TX 76010",32.735744,-97.080038,ArlingtonTX
852,"2021 S Cooper St,Arlington, TX 76010",32.710386,-97.113483,ArlingtonTX
853,"751 W Lamar Blvd Ste 101,Arlington, TX 76012",32.760803,-97.116174,ArlingtonTX
854,"1250 E Copeland Rd,Arlington, TX 76011",32.756638,-97.091885,ArlingtonTX
855,"100 W Pioneer Pkwy,Arlington, TX 76010",32.707203,-97.10898,ArlingtonTX
856,"1909 E Park Row Dr,Arlington, TX 76010",32.721857,-97.079181,ArlingtonTX
857,"5425 S Cooper St,Arlington, TX 76017",32.658423,-97.132659,ArlingtonTX
858,"3816 Little Rd,Arlington, TX 76016",32.684672,-97.191163,ArlingtonTX
859,"2121 N Collins St,Arlington, TX 76011",32.768093,-97.095398,ArlingtonTX
860,"2525 E Arkansas Ln,Arlington, TX 76010",32.707714,-97.065651,ArlingtonTX
861,"922 N Collins St,Arlington, TX 76011",32.749432,-97.098128,ArlingtonTX
862,"2440 S Collins St,Arlington, TX 76014",32.704052,-97.098569,ArlingtonTX
863,"2000 E Pioneer Pkwy,Arlington, TX 76010",32.710721,-97.075632,ArlingtonTX
864,"710 E Sublett Rd Ste 121,Arlington, TX 76018",32.644274,-97.100325,Fort Worth
865,"2206 S Collins St,Arlington, TX 76010",32.707061,-97.098677,ArlingtonTX
866,"4800 Matlock Rd,Arlington, TX 76018",32.66991,-97.115509,Fort Worth
867,"5401 Park Springs Blvd,Arlington, TX 76017",32.659446,-97.165384,ArlingtonTX
868,"1208 Wilshire Blvd,Arlington, TX 76012",32.745782,-97.123967,ArlingtonTX
869,"1610 E Abram St,Arlington, TX 76010",32.734835,-97.085741,ArlingtonTX
870,"511 W Arkansas Ln,Arlington, TX 76010",32.70628,-97.113082,ArlingtonTX
871,"1298 W Arkansas Ln,Arlington, TX 76013",32.706369,-97.12763,ArlingtonTX
872,"2244 Browning Dr,Arlington, TX 76010",32.707194,-97.085937,ArlingtonTX
873,"312 S Watson Rd,Arlington, TX 76010",32.732703,-97.063273,ArlingtonTX
874,"2500 E Randol Mill Rd Ste 117,Arlington, TX 76011",32.747953,-97.064357,ArlingtonTX
875,"2580 E Arkansas Ln,Arlington, TX 76014",32.704903,-97.065022,ArlingtonTX
876,"2901 E Pioneer Pkwy,Arlington, TX 76010",32.712961,-97.058344,ArlingtonTX
877,"3201 E Pioneer Pkwy,Arlington, TX 76010",32.735867,-97.089295,ArlingtonTX
878,"3509 Oak Bend Dr,Arlington, TX 76016",32.688739,-97.170866,ArlingtonTX
879,"930 W Sublett Rd,Arlington, TX 76017",32.645105,-97.124326,ArlingtonTX
880,"2020 Mansfield Webb Rd,Arlington, TX 76002",32.633947,-97.075493,ArlingtonTX
881,"2475 Ascension Blvd,Arlington, TX 76006",32.774186,-97.08309,ArlingtonTX
882,"1200 N Fielder Rd,Arlington, TX 76012",32.752259,-97.132167,ArlingtonTX
883,"6900 New York Ave,Arlington, TX 76002",32.632689,-97.074443,Fort Worth
884,"6808 Bowman Springs Rd,Arlington, TX 76016",32.682994,-97.216226,ArlingtonTX
885,"5320 Matlock Rd,Arlington, TX 76018",32.660607,-97.115585,ArlingtonTX
886,"3901 W Arkansas Ln,Arlington, TX 76016",32.70743,-97.165754,ArlingtonTX
887,"1001 NE Green Oaks Blvd Ste 151,Arlington, TX 76006",32.785424,-97.094335,ArlingtonTX
888,"5926 Pleasant Hill Dr,Arlington, TX 76016",32.67975,-97.200592,ArlingtonTX
889,"903 E Park Row Dr,Arlington, TX 76010",32.721757,-97.096503,ArlingtonTX
890,"258 Westview Ter,Arlington, TX 76013",32.733711,-97.133347,ArlingtonTX
891,"453 Fielder North Plz,Arlington, TX 76012",32.752818,-97.133201,Fort Worth
892,"1525 New York Ave,Arlington, TX 76010",32.71915,-97.079152,ArlingtonTX
893,"945 W Lamar Blvd,Arlington, TX 76012",32.762667,-97.117722,ArlingtonTX
894,"905 W Pioneer Pkwy,Arlington, TX 76013",32.709477,-97.117079,ArlingtonTX
895,"1200 E Pioneer Pkwy,Arlington, TX 76010",32.707406,-97.091868,ArlingtonTX
896,"2415 W Abram St,Arlington, TX 76013",32.685678,-97.102867,ArlingtonTX
897,"301 S Bowen Rd,Arlington, TX 76013",32.733162,-97.148566,ArlingtonTX
898,"2210 S Fielder Rd,Arlington, TX 76013",32.707861,-97.133545,ArlingtonTX
899,"1811 E Mayfield Rd,Arlington, TX 76014",32.69231,-97.082305,ArlingtonTX
900,"800 W Arbrook Blvd Ste 210, Arlington TX, 76015,Arlington, TX 76015",32.682499,-97.118341,ArlingtonTX
901,"3909 S Cooper St,Arlington, TX 76015",32.682075,-97.132866,ArlingtonTX
902,"5330 S Cooper St,Arlington, TX 76017",32.660728,-97.135687,Fort Worth
903,"2350 SE Green Oaks Blvd,Arlington, TX 76018",32.6594,-97.065702,Fort Worth
904,"5531 New York Ave,Arlington, TX 76018",32.656613,-97.076503,Fort Worth
905,"5701 W Pleasant Ridge Rd,Arlington, TX 76016",32.682526,-97.193433,ArlingtonTX
906,"5751 W Pleasant Ridge Rd,Arlington, TX 76016",32.685678,-97.102867,ArlingtonTX
907,"5777 SW Green Oaks Blvd,Arlington, TX 76017",32.673857,-97.191964,ArlingtonTX
908,"6315 S Cooper St,Arlington, TX 76001",32.642984,-97.133168,ArlingtonTX
909,"4651 W Sublett Rd,Arlington, TX 76017",32.647617,-97.181833,ArlingtonTX
910,"5101 W Sublett Rd,Arlington, TX 76017",32.648297,-97.188581,ArlingtonTX
911,"5175 W Sublett Rd,Arlington, TX 76017",32.64703,-97.187615,ArlingtonTX
912,"621 Woodcrest Ln,Arlington, TX 76010",32.719308,-97.113889,ArlingtonTX
913,"1711 E Abram St,Arlington, TX 76010",32.735647,-97.084868,ArlingtonTX
914,"1601 W Park Row Dr,Arlington, TX 76013",32.721578,-97.132345,ArlingtonTX
915,"1700 W Park Row Dr,Arlington, TX 76013",32.720835,-97.133761,ArlingtonTX
916,"1823 S Fielder Rd,Arlington, TX 76013",32.714601,-97.131469,ArlingtonTX
917,"600 Magic Mile St,Arlington, TX 76011",32.802164,-97.302603,ArlingtonTX
918,"440 N Bowen Rd,Arlington, TX 76012",32.73864,-97.14982,ArlingtonTX
919,"1818 E Pioneer Pkwy Ste 166,Arlington, TX 76010",32.707203,-97.10898,ArlingtonTX
920,"2202 New York Ave Ste 916,Arlington, TX 76010",32.709134,-97.080745,ArlingtonTX
921,"2707 S Cooper St,Arlington, TX 76015",32.699353,-97.120128,ArlingtonTX
922,"1013 N Bowen Rd,Arlington, TX 76012",32.749451,-97.150823,Fort Worth
923,"1510 Riverview Dr,Arlington, TX 76012",32.755591,-97.148846,ArlingtonTX
924,"2319 N Davis Dr,Arlington, TX 76012",32.773546,-97.122495,ArlingtonTX
925,"2401 Ascension Blvd,Arlington, TX 76006",32.774186,-97.08309,ArlingtonTX
926,"2535 E Arkansas Ln Ste 333,Arlington, TX 76010",32.707714,-97.065651,ArlingtonTX
927,"3120 Avenue E E,Arlington, TX 76011",32.755599,-97.052153,ArlingtonTX
928,"3939 W Pioneer Pkwy,Arlington, TX 76013",32.71641,-97.168422,ArlingtonTX
929,"615 N Great Southwest Pkwy,Arlington, TX 76011",32.751216,-97.046429,ArlingtonTX
930,"2501 E Mayfield Rd,Arlington, TX 76014",32.691921,-97.064757,Fort Worth
931,"3400 S Watson Rd,Arlington, TX 76014",32.690915,-97.063896,Dallas
932,"2425 NE Green Oaks Blvd,Arlington, TX 76006",32.785477,-97.065651,Fort Worth
937,"2401 Pennsylvania Ave NW,Washington, DC 20037",38.903488,-77.051852,Washington
938,"1421 P St NW,Washington, DC 20005",38.909861,-77.032743,Washington
939,"1400 8th St NW,Washington, DC 20001",38.82652,-77.01712,Washington
940,"1400 7th St NW,Washington, DC 20001",38.908933,-77.022226,Washington
941,"770 P St NW,Washington, DC 20001",38.909501,-77.022743,Washington
942,"1717 Connecticut Ave NW,Washington, DC 20009",38.913185,-77.04519,Washington
943,"1606 7th St NW,Washington, DC 20001",38.91144,-77.022166,Washington
944,"2001 S St NW,Washington, DC 20009",38.914256,-77.045133,Washington
945,"1731 7th St NW,Washington, DC 20001",38.913774,-77.021647,Washington
946,"2000 17th St NW,Washington, DC 20009",38.917158,-77.038784,Washington
947,"528 Rhode Island Ave NW,Washington, DC 20001",38.82652,-77.01712,Washington
948,"1010 Wisconsin Ave NW Ste 900,Washington, DC 20007",38.903083,-77.063044,Washington
949,"1921 8th St NW,Washington, DC 20001",38.916249,-77.022612,Washington
950,"90 O St NW,Washington, DC 20001",38.908444,-77.011904,Washington
951,"1513 W St NW,Washington, DC 20009",38.82652,-77.01712,Washington
952,"415 Rhode Island Ave NW,Washington, DC 20001",38.82652,-77.01712,Washington
953,"2216 18th St NW,Washington, DC 20009",38.919254,-77.041869,Washington
954,"2420 14th St NW,Washington, DC 20009",38.921128,-77.032138,Washington
955,"1824 Columbia Rd NW,Washington, DC 20009",38.921973,-77.043046,Washington
956,"1525 Wisconsin Ave NW,Washington, DC 20007",38.909895,-77.064457,Washington
957,"2480 16th St NW,Washington, DC 20009",38.922644,-77.037394,Washington
958,"241 Massachusetts Ave NE,Washington, DC 20002",38.8944,-77.002301,Washington
959,"2007 1st St NW,Washington, DC 20001",38.917309,-77.011888,Washington
960,"2628 11th St NW,Washington, DC 20001",38.924569,-77.027251,Washington
961,"300 N Glebe Rd,Arlington, VA 22203",38.873797,-77.105873,ArlingtonVA
962,"2700 Wilson Blvd,Arlington, VA 22201",38.889073,-77.09109,ArlingtonVA
963,"3115 Lee Hwy,Arlington, VA 22201",38.896756,-77.095932,ArlingtonVA
964,"1109 N Highland St,Arlington, VA 22201",38.886672,-77.094735,ArlingtonVA
965,"1669 Crystal Square Arc,Arlington, VA 22202",38.858725,-77.050963,ArlingtonVA
966,"2516 Columbia Pike,Arlington, VA 22204",38.86291,-77.084677,ArlingtonVA
967,"4009 Columbia Pike,Arlington, VA 22204",38.864458,-77.099638,ArlingtonVA
968,"4200 Wilson Blvd Suite 800,Arlington, VA 22203",38.879666,-77.110442,Washington
969,"1008 N Randolph St,Arlington, VA 22201",38.864458,-77.099638,Washington
970,"4611 Columbia Pike,Arlington, VA 22204",38.857568,-77.107177,Washington
971,"4807 Columbia Pike,Arlington, VA 22204",38.856949,-77.109129,Washington
972,"4809 Columbia Pike,Arlington, VA 22204",38.856937,-77.109187,Washington
973,"4813 Columbia Pike,Arlington, VA 22204",38.856928,-77.109282,Washington
974,"2501 9th Rd S,Arlington, VA 22204",38.863896,-77.084563,Alexandria
975,"2201 N Pershing Dr,Arlington, VA 22201",38.88108,-77.084937,Washington
976,"1144 N Stuart St,Arlington, VA 22201",38.885472,-77.11241,Washington
977,"1607 S Glebe Rd,Arlington, VA 22204",38.856062,-77.088875,Washington
978,"1201 S Courthouse Rd,Arlington, VA 22204",38.862299,-77.079075,ArlingtonVA
979,"5550 Columbia Pike,Arlington, VA 22204",38.852697,-77.118493,ArlingtonVA
980,"2250 Clarendon Blvd,Arlington, VA 22201",38.889692,-77.086059,Washington
981,"1800 N Oak St Lbby,Arlington, VA 22209",38.895973,-77.074292,Washington
982,"4764 24th St N,Arlington, VA 22207",38.899594,-77.12666,Washington
983,"5143 Lee Hwy,Arlington, VA 22207",38.89664,-77.132064,Washington
984,"5171 Lee Hwy,Arlington, VA 22207",38.896629,-77.132959,Washington
985,"1201 S Eads St,Arlington, VA 22202",38.862752,-77.053299,Washington
986,"The Pentagon,Arlington, VA 22202",38.864458,-77.099638,Washington
987,"1235 Richmond Hwy,Arlington, VA 22202",38.864458,-77.099638,ArlingtonVA
988,"3500 S Clark Pl,Arlington, VA 22202",38.864458,-77.099638,Washington
989,"1550 Crystal Dr,Arlington, VA 22202",38.859506,-77.049728,Washington
990,"2450 Crystal Dr,Arlington, VA 22202",38.852244,-77.0503,Washington
991,"5863 Washington Blvd,Arlington, VA 22205",38.885664,-77.140948,Alexandria
992,"3610 Lee Hwy,Arlington, VA 22207",38.895825,-77.104536,Washington
993,"5149 Lee Hwy,Arlington, VA 22207",38.896637,-77.132239,ArlingtonVA
994,"2524 Columbia Pike,Arlington, VA 22204",38.862867,-77.084482,Washington
995,"2927 Columbia Pike,Arlington, VA 22204",38.862513,-77.087786,ArlingtonVA
996,"2630 Columbia Pike,Arlington, VA 22204",38.862765,-77.085752,Washington
997,"5100 Wilson Blvd,Arlington, VA 22205",38.877672,-77.122153,ArlingtonVA
998,"4505 Lee Hwy,Arlington, VA 22207",38.898826,-77.118733,Washington
999,"1505 Columbia Pike,Arlington, VA 22204",38.866974,-77.070584,Washington
1000,"1901 N Veitch St,Arlington, VA 22201",38.896285,-77.086337,ArlingtonVA
1001,"2425 N Harrison St,Arlington, VA 22207",38.896911,-77.137526,Washington
1002,"3713 Langston Blvd,Arlington, VA 22207",38.864458,-77.099638,Washington
1003,"1005 N Glebe Rd Ste 250,Arlington, VA 22201",38.883167,-77.115687,Alexandria
1004,"2803 Columbia Pike,Arlington, VA 22204",38.862803,-77.086655,Washington
1005,"3103 10th St N Ste 300,Arlington, VA 22201",38.884594,-77.095001,Alexandria
1006,"4815 Lee Hwy,Arlington, VA 22207",38.896912,-77.125798,ArlingtonVA
1007,"900 Army Navy Dr,Arlington, VA 22202",38.865396,-77.061911,ArlingtonVA
1008,"1830 Fort Myer Dr,Arlington, VA 22209",38.896317,-77.072566,ArlingtonVA
1009,"5350 Lee Hwy,Arlington, VA 22207",38.896215,-77.136473,ArlingtonVA
1010,"3500 S Clark St,Arlington, VA 22202",38.843741,-77.052018,Washington
1011,"5135 Lee Highway,Arlington, VA 22207",38.896637,-77.131831,Alexandria
1012,"1500 S Fern St,Arlington, VA 22202",38.858972,-77.056541,ArlingtonVA
1013,"1045 S Edgewood St,Arlington, VA 22204",38.861828,-77.085969,ArlingtonVA
1014,"2007 N Inglewood St,Arlington, VA 22205",38.892666,-77.136033,ArlingtonVA
1015,"4600 S Four Mile Run Dr Ste C1,Arlington, VA 22204",38.854727,-77.107038,ArlingtonVA
1016,"954 S George Mason Dr,Arlington, VA 22204",38.858779,-77.102227,ArlingtonVA
1017,"499 N Wakefield St,Arlington, VA 22203",38.875824,-77.114509,ArlingtonVA
1018,"2750 S Stafford St,Arlington, VA 22206",38.864458,-77.099638,ArlingtonVA
1019,"600 N Glebe Rd,Arlington, VA 22203",38.876637,-77.109894,ArlingtonVA
1020,"1200 S Fern St,Arlington, VA 22202",38.861193,-77.057315,Washington
1021,"1101 N Highland St,Arlington, VA 22201",38.886406,-77.094683,ArlingtonVA
1022,"1600 S Eads St,Arlington, VA 22202",38.858392,-77.0545,ArlingtonVA
1023,"1900 S Eads St,Arlington, VA 22202",38.856433,-77.054107,ArlingtonVA
1024,"3480 S Jefferson St,Falls Church, VA 22041",38.849784,-77.11845,Washington
1025,"523 Carpenter Rd,Fort Myer, VA 22211",38.878877,-77.068158,ArlingtonVA
1026,"5725 Columbia Pike,Falls Church, VA 22041",38.849972,-77.126238,ArlingtonVA
1027,"3435 Carlin Springs Rd,Falls Church, VA 22041",38.850601,-77.122276,ArlingtonVA
1028,"5509 Leesburg Pike,Falls Church, VA 22041",38.847068,-77.122753,ArlingtonVA
1029,"5799 Leesburg Pike,Falls Church, VA 22041",38.850501,-77.131238,ArlingtonVA
1030,"5820 Seminary Rd,Falls Church, VA 22041",38.847532,-77.127476,ArlingtonVA
1031,"5847 Leesburg Pike,Falls Church, VA 22041",38.850942,-77.132571,ArlingtonVA
1032,"1101 25th St NW,Washington, DC 20037",38.904193,-77.053129,Washington
1033,"2201 I St Nw,Washington, DC 20037",38.900802,-77.049229,Washington
1034,"6255 Little River Tpke,Alexandria, VA 22312",38.81703,-77.143205,Alexandria
1035,"4800 Mark Center Dr,Alexandria, VA 22350",38.830012,-77.117054,Washington
1036,"7849 Richmond Hwy,Alexandria, VA 22306",38.743375,-77.084058,Alexandria
1037,"7864 Richmond Hwy,Alexandria, VA 22306",38.743997,-77.084852,Alexandria
1038,"5713A Edsall Rd,Alexandria, VA 22304",38.808431,-77.131949,Alexandria
1039,"621 S Pickett St,Alexandria, VA 22304",38.805285,-77.131023,Alexandria
1040,"1476 N Beauregard St,Alexandria, VA 22311",38.831626,-77.125468,Alexandria
1041,"6255 Little River Tpke,Alexandria, VA 22312",38.81703,-77.143205,Alexandria
1042,"8178 Richmond Hwy,Alexandria, VA 22309",38.735458,-77.09667,Washington
1043,"8228 Richmond Hwy,Alexandria, VA 22309",38.73519,-77.098506,Washington
1044,"6548 Little River Tpke,Alexandria, VA 22312",38.822966,-77.160878,ArlingtonVA
1045,"8714 Richmond Hwy,Alexandria, VA 22309",38.722192,-77.124475,Washington
1046,"8736 Richmond Hwy,Alexandria, VA 22309",38.722189,-77.124807,ArlingtonVA
1047,"106 McNair Rd,Alexandria, VA 22302",38.80484,-77.04692,Alexandria
1048,"809 Pendleton St,Alexandria, VA 22314",38.811069,-77.047439,Washington
1049,"10 S Jordan St,Alexandria, VA 22304",38.811282,-77.109511,Washington
1050,"8339 Richmond Hwy,Alexandria, VA 22309",38.731265,-77.102893,Washington
1051,"801 Bashford Ln,Alexandria, VA 22314",38.81879,-77.045393,Washington
1052,"1401 Belle Haven Rd,Alexandria, VA 22307",38.780243,-77.057272,Washington
1053,"5838 N Kings Hwy Ste C,Alexandria, VA 22303",38.790293,-77.07685,Alexandria
1054,"5900 N Kings Hwy,Alexandria, VA 22303",38.789341,-77.076845,ArlingtonVA
1055,"6138 N Kings Hwy Ste B,Alexandria, VA 22303",38.783643,-77.078728,Alexandria
1056,"3414 Mount Vernon Ave,Alexandria, VA 22305",38.836278,-77.061477,Washington
1057,"3836 Mount Vernon Ave,Alexandria, VA 22305",38.839802,-77.062836,Washington
1058,"4007 Mount Vernon Ave,Alexandria, VA 22305",38.842701,-77.063509,Washington
1059,"4102 Mount Vernon Ave,Alexandria, VA 22305",38.843283,-77.064642,Washington
1060,"3101 Park Center Dr Ste 106,Alexandria, VA 22302",38.83685,-77.103748,Washington
1061,"7611 Richmond Hwy,Alexandria, VA 22306",38.751688,-77.082673,Alexandria
1062,"7001 Manchester Blvd,Alexandria, VA 22310",38.766598,-77.154531,Washington
1063,"7950 Telegraph Rd,Alexandria, VA 22315",38.80484,-77.04692,Washington
1064,"7905 Hilltop Village Center Dr,Alexandria, VA 22315",38.742417,-77.160859,Washington
1065,"6800 Richmond Hwy,Alexandria, VA 22306",38.770764,-77.08363,Washington
1066,"7660 Richmond Hwy,Alexandria, VA 22306",38.750875,-77.085842,ArlingtonVA
1067,"7005 Manchester Blvd,Alexandria, VA 22310",38.766165,-77.15328,Washington
1068,"425 E Monroe Ave,Alexandria, VA 22301",38.820769,-77.053659,ArlingtonVA
1069,"3680 King St,Alexandria, VA 22302",38.828992,-77.092577,ArlingtonVA
1070,"Seminary Rd,Alexandria, VA 20598",38.80484,-77.04692,Washington
1071,"3801 Jefferson Davis Hwy,Alexandria, VA 22305",38.80484,-77.04692,Washington
1072,"5703 Edsall Rd,Alexandria, VA 22304",38.807971,-77.130729,Washington
1073,"7856 Richmond Hwy,Alexandria, VA 22306",38.744074,-77.084804,Washington
1074,"295 S Van Dorn St,Alexandria, VA 22304",38.810362,-77.133457,Alexandria
1075,"672 S Pickett St,Alexandria, VA 22304",38.803829,-77.132989,Alexandria
1076,"8723 Cooper Rd,Alexandria, VA 22309",38.720206,-77.12416,Alexandria
1077,"500 S Royal St,Alexandria, VA 22314",38.799802,-77.044298,Washington
1078,"5885 Kingstowne Blvd,Alexandria, VA 22315",38.769351,-77.136118,Washington
1079,"1624 Belle View Blvd,Alexandria, VA 22307",38.776212,-77.060534,ArlingtonVA
1080,"735 N Saint Asaph St,Alexandria, VA 22314",38.812682,-77.043981,Washington
1081,"6303 Richmond Hwy,Alexandria, VA 22306",38.780236,-77.076863,Alexandria
1082,"3526 King St,Alexandria, VA 22302",38.828095,-77.089593,Alexandria
1083,"4641 Duke St,Alexandria, VA 22304",38.81279,-77.112255,Alexandria
1084,"4550 King St,Alexandria, VA 22302",38.840818,-77.107051,Alexandria
1085,"7900 Fort Hunt Rd,Alexandria, VA 22308",38.743504,-77.057631,Alexandria
1086,"6130 Rose Hill Dr,Alexandria, VA 22310",38.784114,-77.122242,Alexandria
1087,"7910 Richmond Hwy,Alexandria, VA 22306",38.74376,-77.087484,Alexandria
1088,"299 S Van Dorn St,Alexandria, VA 22304",38.809977,-77.133604,Alexandria
1089,"5980 Kingstowne Towne Ctr,Alexandria, VA 22315",38.769819,-77.141222,Alexandria
1090,"8646 Richmond Hwy,Alexandria, VA 22309",38.724455,-77.121467,Alexandria
1091,"430 N Pitt St,Alexandria, VA 22314",38.809212,-77.043914,Alexandria
1092,"1406 King St,Alexandria, VA 22314",38.805991,-77.054983,Alexandria
1093,"1150 S Washington St,Alexandria, VA 22314",38.792913,-77.049149,Alexandria
1094,"1552 Potomac Greens Dr,Alexandria, VA 22314",38.821616,-77.047579,Alexandria
1095,"2381 S Dove St,Alexandria, VA 22314",38.805146,-77.070264,Washington
1096,"5695 Telegraph Rd,Alexandria, VA 22303",38.796757,-77.080097,Alexandria
1097,"6130 N Kings Hwy,Alexandria, VA 22303",38.783668,-77.07884,Alexandria
