Address,Latitude,Longitude,City
"2001 N Fuller Ave,Los Angeles, CA 90046",34.05513,-118.25703,Los Angeles
"1245 N Spring St,Los Angeles, CA 90012",34.064896,-118.235567,Los Angeles
"4800 Hollywood Blvd,Los Angeles, CA 90027",34.101528,-118.294387,Los Angeles
"4730 Crystal Springs Dr,Los Angeles, CA 90027",34.13245,-118.28047,Los Angeles
"3980 La Casa Ln,Los Angeles, CA 90049",34.05513,-118.25703,Los Angeles
"200 N Grand Ave,Los Angeles, CA 90012",34.05685,-118.24763,Los Angeles
"4100 S La Cienega Blvd,Los Angeles, CA 90056",34.05513,-118.25703,Los Angeles
"1632 Bellevue Ave,Los Angeles, CA 90026",34.07013,-118.26075,Los Angeles
"1850 W Silver Lake Dr,Los Angeles, CA 90026",34.092509,-118.266768,Los Angeles
"3650 Verdugo Rd,Los Angeles, CA 90065",34.116749,-118.23313,Los Angeles
"5101 Zoo Dr,Los Angeles, CA 90027",34.05513,-118.25703,Los Angeles
"461 Almaden Ct,Los Angeles, CA 90077",34.05513,-118.25703,Los Angeles
"2650 N Commonwealth Ave,Los Angeles, CA 90027",34.05513,-118.25703,Los Angeles
"532 S Olive St,Los Angeles, CA 90013",34.05513,-118.25703,Los Angeles
"835 Academy Rd,Los Angeles, CA 90012",34.05513,-118.25703,Los Angeles
"2630 Pepper Ave,Los Angeles, CA 90065",34.089446,-118.225542,Los Angeles
"5790 Compton Ave,Los Angeles, CA 90011",33.990433,-118.247594,Los Angeles
"1950 W 54th St,Los Angeles, CA 90062",33.99301,-118.3129,Los Angeles
"6240 Meridian St,Los Angeles, CA 90042",34.119983,-118.181696,Los Angeles
"3900 Chevy Chase Dr,Los Angeles, CA 90039",34.133266,-118.272814,Los Angeles
"360 W El Segundo Blvd,Los Angeles, CA 90061",33.916224,-118.280497,Los Angeles
"210 W Temple St,Los Angeles, CA 90012",34.055166,-118.243184,Los Angeles
"132 Paseo De La Plz,Los Angeles, CA 90012",34.056106,-118.239049,Los Angeles
"125 Paseo De La Plz,Los Angeles, CA 90012",34.056813,-118.238237,Los Angeles
"428 S Spring St,Los Angeles, CA 90013",34.048069,-118.248758,Los Angeles
"448 S Hill St,Los Angeles, CA 90013",34.048967,-118.251395,Los Angeles
"E 6th St,Los Angeles, CA 90021",34.05513,-118.25703,Los Angeles
"640 N. Spring Street,Los Angeles, CA 90013",34.05851,-118.238405,Los Angeles
"549 S Olive St,Los Angeles, CA 90013",34.048319,-118.254148,Los Angeles
"Scott Road &amp; Academy Road,Los Angeles, CA 90012",34.05513,-118.25703,Los Angeles
"767 N Hill St,Los Angeles, CA 90012",34.06256,-118.23987,Los Angeles
"110 E 9th St,Los Angeles, CA 90079",34.040745,-118.254907,Los Angeles
"919 S Grand Ave,Los Angeles, CA 90015",34.044134,-118.259881,Los Angeles
"1700 Stadium Way,Los Angeles, CA 90012",34.068146,-118.242378,Los Angeles
"320 E 14th St,Los Angeles, CA 90015",34.033676,-118.258499,Los Angeles
"1300 W Olympic Blvd,Los Angeles, CA 90015",34.047276,-118.27036,Los Angeles
"751 Echo Park Ave,Los Angeles, CA 90026",34.07242,-118.25998,Los Angeles
"2230 W 6th St,Los Angeles, CA 90057",34.06036,-118.27704,Los Angeles
"1801 W Sunset Blvd,Los Angeles, CA 90026",34.077864,-118.259394,Los Angeles
"1880 Academy Dr,Los Angeles, CA 90012",34.08269,-118.24139,Los Angeles
"1205 S Boyle Ave,Los Angeles, CA 90023",34.02842,-118.22086,Los Angeles
"Main St &amp; Msn,Los Angeles, CA 90031",37.792203,-122.395396,Los Angeles
"325 W Adams Blvd,Los Angeles, CA 90007",34.027155,-118.273175,Los Angeles
"1827 S Hoover St,Los Angeles, CA 90006",34.04104,-118.28436,Los Angeles
"2560 W Olympic Blvd,Los Angeles, CA 90006",34.05219,-118.28707,Los Angeles
"3501 Valley Blvd,Los Angeles, CA 90031",34.065699,-118.202026,Los Angeles
"1016 S Fresno St,Los Angeles, CA 90023",34.02721,-118.20702,Los Angeles
"2830 Lancaster Ave,Los Angeles, CA 90033",34.057165,-118.195445,Los Angeles
"3141 E Olympic Blvd,Los Angeles, CA 90023",34.02047,-118.21078,Los Angeles
"3303 Wilshire Blvd,Los Angeles, CA 90010",34.061949,-118.294393,Los Angeles
"501 Vista Gloriosa Dr,Los Angeles, CA 90065",34.05513,-118.25703,Los Angeles
"415 S Berendo St,Los Angeles, CA 90020",34.066813,-118.294304,Los Angeles
"2900 S Vermont Ave,Los Angeles, CA 90027",34.05513,-118.25703,Los Angeles
"4222 S Central Ave,Los Angeles, CA 90011",34.006857,-118.256286,Los Angeles
"1550 S Normandie Ave,Los Angeles, CA 90006",34.04457,-118.30011,Los Angeles
"4371 Multnomah St,Los Angeles, CA 90032",34.06971,-118.18992,Los Angeles
"2700 S Budlong Ave,Los Angeles, CA 90007",34.03014,-118.29576,Los Angeles
"701 State Dr,Los Angeles, CA 90037",34.01659,-118.28425,Los Angeles
"4043 W Sunset Blvd,Los Angeles, CA 90029",34.05513,-118.25703,Los Angeles
"1546 Knowles Ave,Los Angeles, CA 90063",34.059522,-118.181902,Los Angeles
"4700 Honduras St,Los Angeles, CA 90011",34.000885,-118.243946,Los Angeles
"1110 S Western Ave,Los Angeles, CA 90006",34.05041,-118.30886,Los Angeles
"4545 Homer St,Los Angeles, CA 90031",34.095328,-118.203337,Los Angeles
"3980 Bill Robertson Ln,Los Angeles, CA 90037",34.01195,-118.28996,Los Angeles
"4021 E 1st St,Los Angeles, CA 90063",34.05513,-118.25703,Los Angeles
"4702 N Figueroa St,Los Angeles, CA 90042",34.1007,-118.20339,Los Angeles
"4700 Griffin Ave,Los Angeles, CA 90031",34.097588,-118.201413,Los Angeles
"3606 S Avenue 49,Los Angeles, CA 90042",34.05513,-118.25703,Los Angeles
"4800 S Hoover St,Los Angeles, CA 90037",33.999428,-118.28694,Los Angeles
"4900 Beverly Blvd,Los Angeles, CA 90004",34.07605,-118.31623,Los Angeles
"2413 2nd Ave,Los Angeles, CA 90018",34.03459,-118.319048,Los Angeles
"4800 Cleland Ave,Los Angeles, CA 90065",34.113155,-118.212849,Los Angeles
"3135 Drew St,Los Angeles, CA 90065",34.118216,-118.245885,Los Angeles
"2223 W Jefferson Blvd,Los Angeles, CA 90018",34.0257,-118.31964,Los Angeles
"890 S Lucerne Blvd,Los Angeles, CA 90005",34.05791,-118.32605,Los Angeles
"3401 Riverside Dr,Los Angeles, CA 90027",34.116765,-118.271279,Los Angeles
"1244 E 61st St,Los Angeles, CA 90001",33.984179,-118.252422,Los Angeles
"4914 E Cesar E Chavez Ave,Los Angeles, CA 90022",34.04028,-118.15918,Los Angeles
"425 N Larchmont Blvd,Los Angeles, CA 90004",34.07819,-118.32383,Los Angeles
"4625 W Olympic Blvd,Los Angeles, CA 90019",34.056584,-118.331861,Los Angeles
"6124 S Grand Ave,Los Angeles, CA 90003",34.05513,-118.25703,Los Angeles
"4956 York Blvd,Los Angeles, CA 90042",34.121359,-118.207121,Los Angeles
"4410 Garden Homes Ave,Los Angeles, CA 90032",34.097679,-118.168317,Los Angeles
"6150 Piedmont Ave,Los Angeles, CA 90042",34.113565,-118.187526,Los Angeles
"570 S Atlantic Blvd,Los Angeles, CA 90022",34.025172,-118.155571,Los Angeles
"6152 N Figueroa St,Los Angeles, CA 90042",34.113904,-118.185681,Los Angeles
"6255 W Sunset Blvd,Los Angeles, CA 90028",34.09815,-118.32564,Los Angeles
"1546 Argyle Ave,Los Angeles, CA 90028",34.099512,-118.325029,Los Angeles
"830 W 70th St,Los Angeles, CA 90044",33.97626,-118.288369,Los Angeles
"7807 Compton Ave,Los Angeles, CA 90001",33.967678,-118.247875,Los Angeles
"6464 W Sunset Blvd,Los Angeles, CA 90028",34.097821,-118.331248,Los Angeles
"4395 Leimert Blvd,Los Angeles, CA 90008",34.00389,-118.33093,Los Angeles
"1350 N Cherokee Ave,Los Angeles, CA 90028",34.095615,-118.335128,Los Angeles
"6567 Selma Ave,Los Angeles, CA 90028",34.099867,-118.333123,Los Angeles
"6671 Yucca St,Los Angeles, CA 90028",34.103326,-118.335492,Los Angeles
"1820 N Las Palmas Ave,Los Angeles, CA 90028",34.104647,-118.336106,Los Angeles
"1003 Rockdale Ave,Los Angeles, CA 90041",34.05513,-118.25703,Los Angeles
"7600 Beverly Blvd,Los Angeles, CA 90036",34.07489,-118.354905,Los Angeles
"2101 N Highland Ave,Los Angeles, CA 90068",34.10846,-118.33719,Los Angeles
"8908 Maie Ave,Los Angeles, CA 90002",33.956148,-118.244114,Los Angeles
"431 E 89th St,Los Angeles, CA 90003",33.955698,-118.267189,Los Angeles
"1100 Eagle Vista Dr,Los Angeles, CA 90041",34.142468,-118.186352,Los Angeles
"Colorado Blvd,Los Angeles, CA 90041",34.05513,-118.25703,Los Angeles
"2000 N Fuller Ave,Los Angeles, CA 90046",34.10532,-118.34883,Los Angeles
"5401 Highlight Pl,Los Angeles, CA 90016",34.023412,-118.364559,Los Angeles
"2330 S Genesee Ave,Los Angeles, CA 90016",34.05513,-118.25703,Los Angeles
"1850 N Curson Ave,Los Angeles, CA 90046",34.104973,-118.354939,Los Angeles
"4800 S La Brea Ave,Los Angeles, CA 90008",33.99894,-118.35799,Los Angeles
"10726 Grape St,Los Angeles, CA 90059",33.938155,-118.236815,Los Angeles
"1641 Preuss Rd,Los Angeles, CA 90035",34.049297,-118.384677,Los Angeles
"3300 Cahuenga Blvd W,Los Angeles, CA 90068",34.13055,-118.35001,Los Angeles
"2803 Reynier Ave,Los Angeles, CA 90034",34.03564,-118.38622,Los Angeles
"3160 Nichols Canyon Rd,Los Angeles, CA 90046",34.05513,-118.25703,Los Angeles
"2599 Beverwil Dr,Los Angeles, CA 90034",34.05513,-118.25703,Los Angeles
"2459 Motor Ave,Los Angeles, CA 90064",34.048683,-118.409757,Los Angeles
"3409 Vinton Ave,Los Angeles, CA 90034",34.02802,-118.408394,Los Angeles
"13055 Clovis Ave,Los Angeles, CA 90059",33.913198,-118.256766,Los Angeles
"1045 W 126th St,Los Angeles, CA 90044",33.917218,-118.292851,Los Angeles
"1441 S Beverly Glen Blvd,Los Angeles, CA 90024",34.06108,-118.42552,Los Angeles
"646 Comstock Ave,Los Angeles, CA 90024",34.05513,-118.25703,Los Angeles
"601 Club View Dr,Los Angeles, CA 90024",34.072954,-118.429353,Los Angeles
"10724 Wilshire Blvd,Los Angeles, CA 90024",34.060492,-118.436459,Los Angeles
"3439 Barry Ave,Los Angeles, CA 90066",34.01453,-118.431756,Los Angeles
"8740 Lincoln Blvd,Los Angeles, CA 90045",33.95812,-118.4173,Los Angeles
"7600 E La Palma Ave,Anaheim, CA 92807",33.865643,-117.772586,Anaheim
"201 S Anaheim Blvd,Anaheim, CA 92805",33.834629,-117.913986,Anaheim
"401 N Lemon St,Anaheim, CA 92805",33.82415,-117.897707,Anaheim
"1203 N Dresden Pl,Anaheim, CA 92801",33.850937,-117.940175,Anaheim
"1613 S Walnut St,Anaheim, CA 92802",33.808442,-117.928744,Anaheim
"2565 E Underhill Ave,Anaheim, CA 92806",33.844313,-117.878394,Anaheim
"1630 S Sunkist St,Anaheim, CA 92806",33.807014,-117.884399,Anaheim
"3164 E La Palma Ave,Anaheim, CA 92806",33.850881,-117.854498,Anaheim
"5109 E La Palma Ave,Anaheim, CA 92807",33.86044,-117.80566,Anaheim
"115 N Pinney Dr,Anaheim, CA 92807",33.852658,-117.804171,Anaheim
"6700 E Walnut Canyon Rd,Anaheim, CA 92807",33.83908,-117.756756,Anaheim
"11242 Linda Ln,Garden Grove, CA 92840",33.776309,-117.939407,Anaheim
"801 W Valencia Dr,Fullerton, CA 92832",33.86767,-117.939374,Anaheim
"303 W Commonwealth Ave,Fullerton, CA 92832",33.870848,-117.929396,Anaheim
"401 E Chapman Ave,Placentia, CA 92870",33.871434,-117.861696,Anaheim
"611 W Riverbend Pkwy,Orange, CA 92865",33.836625,-117.857989,Anaheim
"12732 Main St,Garden Grove, CA 92840",33.777969,-117.940661,Anaheim
"701 N Glassell St,Orange, CA 92867",33.798887,-117.852843,Anaheim
"1712 W Orangethorpe Ave,Fullerton, CA 92833",33.858786,-117.958121,Anaheim
"201 S Basque Ave,Fullerton, CA 92833",33.868861,-117.953953,Anaheim
"300 Adlena Dr,Fullerton, CA 92833",33.872367,-117.954806,Anaheim
"7520 Dale St,Buena Park, CA 90620",33.853136,-117.982721,Anaheim
"8308 On The Mall,Buena Park, CA 90620",33.844136,-117.988915,Anaheim
"12842 Palm St,Garden Grove, CA 92840",33.776399,-117.914483,Anaheim
"11222 Acacia Pkwy,Garden Grove, CA 92840",33.77569,-117.936774,Anaheim
"3300 N State College Blvd,Fullerton, CA 92835",33.909613,-117.887497,Anaheim
"8800 Rosecrans Ave,Buena Park, CA 90621",33.893482,-117.978824,Anaheim
"18600 Bloomfield Ave,Cerritos, CA 90703",33.863204,-118.061737,Anaheim
"7520 Del Mar Ln,La Palma, CA 90623",33.846354,-118.043447,Anaheim
"230 E Chapman Ave,Orange, CA 92866",33.787655,-117.851261,Anaheim
"16801 Euclid St,Fountain Valley, CA 92708",33.719045,-117.938256,Anaheim
"10382 Stanford Ave,Garden Grove, CA 92840",33.777438,-117.952095,Anaheim
"26 Civic Center Plz,Santa Ana, CA 92701",33.732249,-117.880826,Anaheim
"13802 Newhope St,Garden Grove, CA 92843",33.761776,-117.92745,Anaheim
"10660 Western Ave,Stanton, CA 90680",33.807463,-118.000393,Anaheim
"13630 Atlantis Way,Garden Grove, CA 92844",33.76253,-117.966914,Anaheim
"1031 Rosecrans Ave,Fullerton, CA 92833",33.893769,-117.945384,Anaheim
"365 W Bastanchury Rd,Placentia, CA 92870",33.876211,-117.849809,Anaheim
"7850 Beach Blvd,Buena Park, CA 90620",33.849334,-117.997377,Anaheim
"2800 N Main St,Santa Ana, CA 92705",33.775673,-117.869963,Anaheim
"3120 Lakeview Dr,Fullerton, CA 92835",33.906952,-117.937917,Anaheim
"1701 Fairgreen Dr,Fullerton, CA 92833",33.890738,-117.972083,Anaheim
"6688 Beach Blvd,Buena Park, CA 90621",33.855981,-118.004034,Anaheim
"900 E Memory Ln,Santa Ana, CA 92706",33.732249,-117.880826,Anaheim
"8150 Knott Ave,Buena Park, CA 90620",33.843702,-118.009838,Anaheim
"Elm &amp; Sievers Sts,Brea, CA 92821",33.922653,-117.870511,Anaheim
"16962 Saga Dr,Yorba Linda, CA 92886",33.890348,-117.83821,Anaheim
"7171 8th St,Buena Park, CA 90621",33.855981,-118.004034,Anaheim
"7001 Village Dr Ste 155,Buena Park, CA 90621",33.855981,-118.004034,Anaheim
"201 N Brea Blvd,Brea, CA 92821",33.92169,-117.898731,Anaheim
"300 S Figueroa St,Santa Ana, CA 92703",33.732249,-117.880826,Anaheim
"520 Tamarack Ave,Brea, CA 92821",33.926657,-117.899545,Anaheim
"20 Civic Center Plz,Santa Ana, CA 92701",33.748412,-117.874413,Anaheim
"888 W Santa Ana Blvd Ste 200,Santa Ana, CA 92701",33.732249,-117.880826,Anaheim
"8091 22nd St,Westminster, CA 92683",33.757813,-118.002155,Anaheim
"1100 W Lambert Rd,La Habra, CA 90631",33.923084,-117.95837,Anaheim
"5700 Orange Ave,Cypress, CA 90630",33.819788,-118.042985,Anaheim
"301 S Euclid St,La Habra, CA 90631",33.929289,-117.947269,Anaheim
"3333 E Birch St,Brea, CA 92821",33.919587,-117.851898,Anaheim
"201 E La Habra Blvd,La Habra, CA 90631",33.926283,-117.950761,Anaheim
"19115 Yorba Linda Blvd,Yorba Linda, CA 92886",33.888953,-117.799361,Anaheim
"14381 Olive St,Westminster, CA 92683",33.753194,-118.000908,Anaheim
"4941 Lincoln Ave,Cypress, CA 90630",33.819788,-118.042985,Anaheim
"13929 166th St,Cerritos, CA 90703",33.881166,-118.033999,Anaheim
"1440 W Whittier Blvd,La Habra, CA 90631",33.937079,-117.961483,Anaheim
"2910  Portola Ln,Tustin, CA 92780",33.725826,-117.817153,Anaheim
"16400 Brookhurst St,Fountain Valley, CA 92708",33.709629,-117.951352,Anaheim
"13212 S Marquardt Ave,La Mirada, CA 90638",33.902788,-118.00881,Anaheim
"18125 Bloomfield Ave,Cerritos, CA 90703",33.866287,-118.064842,Anaheim
"4442 Carbon Canyon Rd,Brea, CA 92823",33.921203,-117.837536,Anaheim
"7225 El Dorado Dr,Buena Park, CA 90620",33.849356,-118.008261,Anaheim
"4500 Carbon Canyon Road,Brea, CA 92823",33.921241,-117.830629,Anaheim
"7373 San Rafael Dr,Buena Park, CA 90620",33.855366,-118.025566,Anaheim
"300 Centennial Way,Tustin, CA 92780",33.725826,-117.817153,Anaheim
"2145 Windes Dr,Orange, CA 92869",33.820902,-117.7751,Anaheim
"6150 Ball Rd,Buena Park, CA 90620",33.855981,-118.004034,Anaheim
"6660 Mount Shasta Cir,Buena Park, CA 90620",33.855981,-118.004034,Anaheim
"4845 Casa Loma Ave,Yorba Linda, CA 92886",33.890676,-117.825031,Anaheim
"220 E 4th St,Santa Ana, CA 92701",33.747721,-117.865787,Anaheim
"PO Box 5967,Orange, CA 92863",33.802647,-117.84931,Anaheim
"13601 Deodara Dr,Garden Grove, CA 92844",33.780211,-117.958986,Anaheim
"14300 San Cristobal Dr,La Mirada, CA 90638",33.898146,-118.025861,Anaheim
"17250 Colima Rd,Rowland Heights, CA 91748",33.98962,-117.930436,Anaheim
"1545 S Stimson Ave,Hacienda Heights, CA 91745",34.002174,-117.960313,Anaheim
"21420 Pioneer Blvd,Lakewood, CA 90715",33.835658,-118.080734,Anaheim
"7550 E Spring St,Long Beach, CA 90815",33.807132,-118.085433,Long Beach
"10900 Pioneer Blvd,Santa Fe Springs, CA 90670",33.932923,-118.079991,Anaheim
"10999 Little Lake Rd,Downey, CA 90241",33.935294,-118.101807,Anaheim
"2760 N Studebaker Rd,Long Beach, CA 90815",33.797395,-118.121307,Long Beach
"14700 Gridley Rd,Norwalk, CA 90650",33.908903,-118.083579,Anaheim
"1747 Kwis Ave,Hacienda Heights, CA 91745",34.002289,-117.973259,Anaheim
"9612 Ardine St,Downey, CA 90241",33.931219,-118.109198,Anaheim
"5231 Ocana Ave,Lakewood, CA 90713",33.852355,-118.12061,Anaheim
"10250 Pioneer Rd,Tustin, CA 92782",33.767147,-117.761509,Anaheim
"11959 162nd St,Norwalk, CA 90650",33.908903,-118.083579,Anaheim
"16910 Maria Ave,Cerritos, CA 90703",33.877917,-118.059918,Anaheim
"20711 Studebaker Rd,Lakewood, CA 90715",33.841708,-118.09495,Anaheim
"12500 Excelsior Dr,Norwalk, CA 90650",33.908903,-118.083579,Anaheim
"13244 Mapledale St,Norwalk, CA 90650",33.908903,-118.083579,Anaheim
"5939 Henrilee St,Lakewood, CA 90713",33.842205,-118.114642,Anaheim
"6701 Del Amo Blvd,Lakewood, CA 90713",33.846502,-118.100904,Anaheim
"16817 Copper Hill Rd,Hacienda Heights, CA 91745",33.988603,-117.941856,Anaheim
"13000 Clarkdale Ave,Norwalk, CA 90650",33.908903,-118.083579,Anaheim
"1 Irvine Park Rd,Orange, CA 92869",33.796337,-117.754136,Anaheim
"1801 W Segerstrom Ave,Santa Ana, CA 92704",33.732249,-117.880826,Anaheim
"12400 Ashworth Pl,Cerritos, CA 90703",33.868182,-118.06796,Anaheim
"17503 Stark Ave,Cerritos, CA 90703",33.871919,-118.068016,Anaheim
"18150 E Pathfinder Road,Rowland Heights, CA 91748",33.971666,-117.891193,Anaheim
"2008 W West Wind,Santa Ana, CA 92704",33.69912,-117.895498,Anaheim
"21815 Pioneer Blvd,Hawaiian Gardens, CA 90716",33.827733,-118.082172,Anaheim
"7750 E Spring St,Long Beach, CA 90815",33.797395,-118.121307,Long Beach
"7600 E Spring St,Long Beach, CA 90815",33.807132,-118.085433,Long Beach
"3001 Blume Dr,Los Alamitos, CA 90720",33.793006,-118.059769,Anaheim
"12241 Foster Rd,Norwalk, CA 90650",33.90598,-118.073385,Anaheim
"13042 Old Myford Rd,Irvine, CA 92602",33.672421,-117.764394,Anaheim
"2900 S Brea Canyon Rd,Diamond Bar, CA 91765",33.994268,-117.812803,Anaheim
"4626 Shadeway Rd,Lakewood, CA 90713",33.846539,-118.112278,Anaheim
"3143 Bear St,Costa Mesa, CA 92626",33.68493,-117.892634,Anaheim
"17715 Eric Ave,Cerritos, CA 90703",33.86959,-118.095912,Anaheim
"12700 Norwalk Blvd,Norwalk, CA 90650",33.91557,-118.072011,Anaheim
"7111 Talbert Ave,Huntington Beach, CA 92648",33.700519,-118.00265,Anaheim
"7550 E Spring St,Long Beach, CA 90815",33.807132,-118.085433,Long Beach
"2760 N Studebaker Rd,Long Beach, CA 90815",33.797395,-118.121307,Long Beach
"1000 E San Antonio Dr,Long Beach, CA 90807",33.838605,-118.181014,Long Beach
"5157 E Centralia St,Long Beach, CA 90808",33.797395,-118.121307,Long Beach
"400 E Shoreline Drive  North Side Of Shoreline Drive,Long Beach, CA 90802",33.797395,-118.121307,Long Beach
"First St &amp; The Promenade,Long Beach, CA 90802",33.797395,-118.121307,Long Beach
"429 Shoreline Village Dr,Long Beach, CA 90802",33.760361,-118.191766,Long Beach
"703 Alamo Ct,Long Beach, CA 90813",33.797395,-118.121307,Long Beach
"401 Golden Ave,Long Beach, CA 90802",33.772063,-118.202009,Long Beach
"1126 Queens Hwy,Long Beach, CA 90802",33.751469,-118.192466,Long Beach
"1950 Lemon Ave,Long Beach, CA 90806",33.791994,-118.177855,Long Beach
"800 Orizaba Ave,Long Beach, CA 90804",33.777158,-118.156765,Long Beach
"Livingston Dr &amp; Park Ave,Long Beach, CA 90803",33.797395,-118.121307,Long Beach
"109 Mira Mar Ave,Long Beach, CA 90803",33.761685,-118.14729,Long Beach
"2125 Santa Fe Ave,Long Beach, CA 90810",33.79574,-118.216237,Long Beach
"4900 E Livingston Dr,Long Beach, CA 90803",33.797395,-118.121307,Long Beach
"E Ocean Blvd &amp; 72nd Pl,Long Beach, CA 90803",33.797395,-118.121307,Long Beach
"Clark Ave &amp; Conant St,Long Beach, CA 90803",33.797395,-118.121307,Long Beach
"3401 Golden Ave,Long Beach, CA 90806",33.819939,-118.20251,Long Beach
"4900 E Conant St,Long Beach, CA 90808",33.824149,-118.135368,Long Beach
"7600 E Spring St,Long Beach, CA 90815",33.807132,-118.085433,Long Beach
"7750 E Spring St,Long Beach, CA 90815",33.797395,-118.121307,Long Beach
"352 E Neece St,Long Beach, CA 90805",33.871878,-118.194856,Long Beach
"W Broadway &amp; Pacific Ave,Long Beach, CA 90802",33.797395,-118.121307,Long Beach
"1550 Martin Luther King Jr Ave,Long Beach, CA 90813",33.786641,-118.180247,Long Beach
"4520 E 23rd St,Long Beach, CA 90815",33.797878,-118.138345,Long Beach
"1545 W 31st St,Long Beach, CA 90810",33.814634,-118.213238,Long Beach
"2400 E Dominguez St,Long Beach, CA 90810",33.838978,-118.224818,Long Beach
"1321 E Anaheim St,Long Beach, CA 90813",33.783523,-118.174702,Long Beach
"5255 E Paoli Way,Long Beach, CA 90803",33.797395,-118.121307,Long Beach
"4600 Long Beach Blvd,Long Beach, CA 90805",33.842306,-118.189882,Long Beach
"808 Stevely Ave,Long Beach, CA 90815",33.776661,-118.099076,Long Beach
"21330 S Santa Fe Ave,Long Beach, CA 90810",33.834659,-118.215597,Long Beach
"2175 Cherry Ave,Signal Hill, CA 90755",33.795942,-118.168183,Long Beach
"2351 Dawson Ave,Signal Hill, CA 90755",33.799453,-118.165928,Long Beach
"401 E M St,Wilmington, CA 90744",33.78924,-118.258409,Long Beach
"21420 Pioneer Blvd,Lakewood, CA 90715",33.835658,-118.080734,Anaheim
"5720 Clark Ave,Lakewood, CA 90712",33.858327,-118.132692,Long Beach
"3300 Del Amo Blvd,Lakewood, CA 90712",33.846171,-118.152448,Long Beach
"5231 Ocana Ave,Lakewood, CA 90713",33.852355,-118.12061,Long Beach
"20711 Studebaker Rd,Lakewood, CA 90715",33.841708,-118.09495,Long Beach
"5939 Henrilee St,Lakewood, CA 90713",33.842205,-118.114642,Long Beach
"21411 Orrick Ave,Carson, CA 90745",33.833845,-118.275113,Long Beach
"6701 Del Amo Blvd,Lakewood, CA 90713",33.846502,-118.100904,Anaheim
"1300 S Dodson Ave,San Pedro, CA 90732",33.733309,-118.292224,Anaheim
"27305 Palos Verdes Dr E,Rolling Hills Estates, CA 90275",33.789331,-118.354685,Long Beach
"Almond Ave &amp; Bluebell St,Seal Beach, CA 90740",33.75283,-118.069722,Long Beach
"3001 Blume Dr,Los Alamitos, CA 90720",33.793006,-118.059769,Anaheim
"4626 Shadeway Rd,Lakewood, CA 90713",33.846539,-118.112278,Long Beach
"21815 Pioneer Blvd,Hawaiian Gardens, CA 90716",33.827733,-118.082172,Long Beach
"18830 San Gabriel Ave,Cerritos, CA 90703",33.859487,-118.103687,Long Beach
"325 N Neptune Ave,Wilmington, CA 90744",33.77316,-118.268595,Anaheim
"9th E Pacific St,Carson, CA 90745",33.835289,-118.259285,Long Beach
"275 W 1st St,San Pedro, CA 90731",33.7431,-118.28298,Long Beach
"501 Westmont Dr,San Pedro, CA 90731",33.733309,-118.292224,Long Beach
"W 21st St &amp; Meyler St,San Pedro, CA 90731",33.733309,-118.292224,Long Beach
"25820 Vermont Ave,Harbor City, CA 90710",33.78902,-118.29358,Long Beach
"863 S Herbert Ave,San Pedro, CA 90731",33.750785,-118.296001,Long Beach
"510 N Leland Ave,San Pedro, CA 90732",33.733309,-118.292224,Long Beach
"22400 Moneta Ave,Carson, CA 90745",33.82323,-118.281025,Long Beach
"24901 Frampton Ave,Harbor City, CA 90710",33.798365,-118.299274,Long Beach
"3720 Stephen M White Dr,San Pedro, CA 90731",33.711365,-118.285543,Long Beach
"500 E Carson Plaza Dr,Carson, CA 90746",33.844888,-118.265935,Long Beach
"3601 S Gaffey St,San Pedro, CA 90731",33.711205,-118.292999,Long Beach
"19 Miraleste Plz,Rancho Palos Verdes, CA 90275",33.748869,-118.32445,Long Beach
"1600 W Paseo Del Mar,San Pedro, CA 90731",33.71531,-118.3132,Long Beach
"1799 W Paseo Del Mar,San Pedro, CA 90732",33.733309,-118.292224,Long Beach
"12305 207th St,Lakewood, CA 90715",33.843412,-118.070317,Long Beach
"23800 Figueroa St,Carson, CA 90745",33.80929,-118.284465,Long Beach
"16614 Clark Ave,Bellflower, CA 90706",33.888124,-118.126686,Long Beach
"17400 Lysander Dr,Carson, CA 90746",33.872629,-118.258422,Long Beach
"915 S Alameda St,Compton, CA 90220",33.88802,-118.219492,Long Beach
"1000 E 220th St,Carson, CA 90745",33.827622,-118.255328,Long Beach
"1920 Cumbre Dr,San Pedro, CA 90732",33.72959,-118.31939,Long Beach
"23410 Catskill Ave,Carson, CA 90745",33.813149,-118.27081,Long Beach
"21205 Water St,Carson, CA 90745",33.837048,-118.241556,Long Beach
"19101 Wilmington Ave,Carson, CA 90746",33.857822,-118.235186,Long Beach
"24428 Eshelman Ave,Lomita, CA 90717",33.793959,-118.317659,Long Beach
"419 E 192nd St,Carson, CA 90746",33.857309,-118.270757,Long Beach
"2601 Dollar St,Lakewood, CA 90712",33.853104,-118.16135,Long Beach
"1340 E Dimondale Dr,Carson, CA 90746",33.848561,-118.247254,Long Beach
"1670 Palos Verdes Dr N,Harbor City, CA 90710",33.787305,-118.304674,Long Beach
"560 N Western Ave,San Pedro, CA 90732",33.7478,-118.30907,Long Beach
"807 W Paseo Del Mar,San Pedro, CA 90731",33.70634,-118.29289,Long Beach
"25449 Narbonne Ave,Lomita, CA 90717",33.792618,-118.320343,Long Beach
"10911 Oak St,Los Alamitos, CA 90720",33.793006,-118.059769,Long Beach
"12544 Rives Ave,Downey, CA 90242",33.927966,-118.15361,Long Beach
"14700 Gridley Rd,Norwalk, CA 90650",33.908903,-118.083579,Long Beach
"18600 Bloomfield Ave,Cerritos, CA 90703",33.863204,-118.061737,Long Beach
"11959 162nd St,Norwalk, CA 90650",33.908903,-118.083579,Long Beach
"16910 Maria Ave,Cerritos, CA 90703",33.877917,-118.059918,Long Beach
"7000 Dinwiddie St,Downey, CA 90241",33.952193,-118.157202,Long Beach
"12500 Excelsior Dr,Norwalk, CA 90650",33.908903,-118.083579,Long Beach
"7520 Del Mar Ln,La Palma, CA 90623",33.846354,-118.043447,Long Beach
"13244 Mapledale St,Norwalk, CA 90650",33.908903,-118.083579,Long Beach
"8840 Golden St,Downey, CA 90242",33.907218,-118.146536,Long Beach
"2291 E 121st St,Compton, CA 90222",33.922281,-118.231523,Los Angeles
"14001 Bellflower Blvd,Bellflower, CA 90706",33.888124,-118.126686,Anaheim
"200 Flagler Ln,Redondo Beach, CA 90277",33.867435,-118.372492,Long Beach
"15300 Downey Ave,Paramount, CA 90723",33.897393,-118.165127,Long Beach
"3798 Martin Luther King Jr Blvd,Lynwood, CA 90262",33.928645,-118.201552,Long Beach
"1102 Camino Real,Redondo Beach, CA 90277",33.867435,-118.372492,Long Beach
"360 W El Segundo Blvd,Los Angeles, CA 90061",33.916224,-118.280497,Long Beach
"13000 Clarkdale Ave,Norwalk, CA 90650",33.908903,-118.083579,Long Beach
"3850 Manhattan Beach Blvd,Lawndale, CA 90260",33.888528,-118.352891,Long Beach
"17715 Eric Ave,Cerritos, CA 90703",33.86959,-118.095912,Long Beach
"12400 Ashworth Pl,Cerritos, CA 90703",33.868182,-118.06796,Long Beach
"18125 Bloomfield Ave,Cerritos, CA 90703",33.866287,-118.064842,Long Beach
"17503 Stark Ave,Cerritos, CA 90703",33.871919,-118.068016,Long Beach
"13929 166th St,Cerritos, CA 90703",33.881166,-118.033999,Long Beach
"16559 Bellflower Blvd,Bellflower, CA 90706",33.888124,-118.126686,Long Beach
"15116 S Atlantic Ave,Compton, CA 90221",33.895363,-118.193117,Long Beach
"700 E Gardena Blvd,Carson, CA 90746",33.882045,-118.262644,Long Beach
"4941 Lincoln Ave,Cypress, CA 90630",33.819788,-118.042985,Long Beach
"370 Amapola Ave,Torrance, CA 90501",33.845728,-118.322831,Long Beach
"1 Trump National Dr,Rancho Palos Verdes, CA 90275",33.749914,-118.369354,Long Beach
"14400 Paramount Blvd,Paramount, CA 90723",33.897393,-118.165127,Long Beach
"5700 Orange Ave,Cypress, CA 90630",33.819788,-118.042985,Long Beach
"1108 N Oleander Ave,Compton, CA 90222",33.890464,-118.225034,Long Beach
"3300 Civic Center Dr N,Torrance, CA 90503",33.832402,-118.341001,Long Beach
"2 Park Pl,Rancho Palos Verdes, CA 90275",33.749914,-118.369354,Long Beach
"1654 W 160th St,Gardena, CA 90247",33.88526,-118.306162,Long Beach
"840 W 149th St,Gardena, CA 90247",33.89677,-118.29128,Anaheim
"14381 Olive St,Westminster, CA 92683",33.753194,-118.000908,Long Beach
"5400 Monroe Ave,South Gate, CA 90280",33.949039,-118.198254,Long Beach
"13055 Clovis Ave,Los Angeles, CA 90059",33.913198,-118.256766,Anaheim
"10660 Western Ave,Stanton, CA 90680",33.807463,-118.000393,Anaheim
"5970 Palos Verdes Dr S,Rancho Palos Verdes, CA 90275",33.743944,-118.381303,Anaheim
"11330 Bullis Rd,Lynwood, CA 90262",33.923827,-118.201641,Long Beach
"7850 Quill Dr,Downey, CA 90242",33.93656,-118.13387,Long Beach
"18100 Goldenwest St,Huntington Beach, CA 92648",33.702829,-118.00692,Long Beach
"8091 22nd St,Westminster, CA 92683",33.757813,-118.002155,Long Beach
"3323 E Imperial Hwy,Lynwood, CA 90262",33.923827,-118.201641,Long Beach
"8150 Knott Ave,Buena Park, CA 90620",33.843702,-118.009838,
"901 N Clark St,Chicago, IL 60610",41.87897,-87.66063,Chicago
"4901 S Kenwood Ave,Chicago, IL 60615",41.87897,-87.66063,Chicago
"2936 W 85th St,Chicago, IL 60652",41.738971,-87.69681,Chicago
"1401 S Sacramento Dr,Chicago, IL 60623",41.862385,-87.699737,Chicago
"6401 S Stony Island Ave,Chicago, IL 60637",41.778824,-87.585462,Chicago
"337 E Randolph Dr,Chicago, IL 60601",41.87897,-87.66063,Chicago
"940 W Weed St,Chicago, IL 60642",41.910155,-87.652147,Chicago
"1425 N Damen Ave,Chicago, IL 60622",41.907988,-87.676738,Chicago
"2045 N Lincoln Park W,Chicago, IL 60614",41.919665,-87.635861,Chicago
"1237 W Fullerton Ave,Chicago, IL 60614",41.925006,-87.659916,Chicago
"2662 N Halsted St,Chicago, IL 60614",41.930943,-87.649264,Chicago
"4834 N Winthrop Ave,Chicago, IL 60640",41.97017,-87.65804,Chicago
"1119 W Cullerton St,Chicago, IL 60608",41.854976,-87.653944,Chicago
"2901 S Poplar Ave,Chicago, IL 60608",41.841211,-87.648687,Chicago
"3044 S Bonfield St,Chicago, IL 60608",41.839245,-87.653761,Chicago
"1301 W 14th St,Chicago, IL 60608",41.863104,-87.659908,Chicago
"3225 S Racine Ave,Chicago, IL 60608",41.835312,-87.6556,Chicago
"1312 S Racine Ave,Chicago, IL 60608",41.864742,-87.657417,Chicago
"2710 S Dearborn St,Chicago, IL 60616",41.843462,-87.628727,Chicago
"1824 S Wood St,Chicago, IL 60608",41.856805,-87.67192,Chicago
"1122 W 34th Pl,Chicago, IL 60608",41.831713,-87.654504,Chicago
"3309 S Shields Ave,Chicago, IL 60616",41.83422,-87.634775,Chicago
"44 W 15th St,Chicago, IL 60605",41.87897,-87.66063,Chicago
"1200 W 35th St,Chicago, IL 60609",41.831188,-87.656593,Chicago
"3620 S Lituanica Ave,Chicago, IL 60609",41.828131,-87.647899,Chicago
"300 E 31st St,Chicago, IL 60616",41.840312,-87.619355,Chicago
"E 88th &amp; S Clyde Avenue,Chicago, IL 60607",41.87897,-87.66063,Chicago
"3417 S Hamilton Ave,Chicago, IL 60608",41.831622,-87.678431,Chicago
"3770 S Wentworth Ave,Chicago, IL 60609",41.82546,-87.632451,Chicago
"3658 S State St,Chicago, IL 60609",41.87897,-87.66063,Chicago
"3113 S Rhodes Ave,Chicago, IL 60616",41.838068,-87.61209,Chicago
"210 S Loomis St,Chicago, IL 60607",41.87897,-87.66063,Chicago
"115 S Sangamon St,Chicago, IL 60607",41.87897,-87.66063,Chicago
"1521 S Lynn White Dr,Chicago, IL 60605",41.87897,-87.66063,Chicago
"2521 S Washtenaw Ave,Chicago, IL 60608",41.845855,-87.69264,Chicago
"3748 S Prairie Ave,Chicago, IL 60653",41.87897,-87.66063,Chicago
"647 W Root St,Chicago, IL 60609",41.818819,-87.642758,Chicago
"361 S State St,Chicago, IL 60604",41.87897,-87.66063,Chicago
"704 W 42nd St,Chicago, IL 60609",41.87897,-87.66063,Chicago
"2210 W Pershing Rd,Chicago, IL 60609",41.823743,-87.682456,Chicago
"2106 W Adams St,Chicago, IL 60612",41.87883,-87.679383,Chicago
"1501 W Randolph St,Chicago, IL 60607",41.87897,-87.66063,Chicago
"330 E Monroe St,Chicago, IL 60603",41.87897,-87.66063,Chicago
"745 W 45th St,Chicago, IL 60609",41.87897,-87.66063,Chicago
"4430 S Marshfield Ave,Chicago, IL 60609",41.813091,-87.666508,Chicago
"515 S Washtenaw Ave,Chicago, IL 60612",41.874364,-87.693297,Chicago
"331 W 45th Pl,Chicago, IL 60609",41.87897,-87.66063,Chicago
"440 N Wells St Ste 420,Chicago, IL 60654",41.890238,-87.634382,Chicago
"1199 E Oakwood Blvd,Chicago, IL 60653",41.87897,-87.66063,Chicago
"630 N Kingsbury St,Chicago, IL 60654",41.87897,-87.66063,Chicago
"2725 W 41st St,Chicago, IL 60632",41.87897,-87.66063,Chicago
"429 N Columbus Dr,Chicago, IL 60611",41.87897,-87.66063,Chicago
"50 E Ohio St,Chicago, IL 60611",41.892771,-87.626399,Chicago
"1330 W Chicago Ave,Chicago, IL 60642",41.896602,-87.661199,Chicago
"3660 W 23rd St,Chicago, IL 60623",41.850171,-87.71678,Chicago
"401 N Lake Shore Dr,Chicago, IL 60611",42.117942,-88.066501,Chicago
"1809 W 50th St,Chicago, IL 60609",41.87897,-87.66063,Chicago
"1845 W Rice St,Chicago, IL 60622",41.896646,-87.674196,Chicago
"1301 W 52nd St,Chicago, IL 60609",41.798419,-87.657419,Chicago
"5203 S Lowe Ave,Chicago, IL 60609",41.87897,-87.66063,Chicago
"1 W Delaware Pl,Chicago, IL 60610",41.87897,-87.66063,Chicago
"4434 S Lake Park Ave,Chicago, IL 60653",41.814226,-87.597348,Chicago
"808 N Lake Shore Dr,Chicago, IL 60611",41.897212,-87.617872,Chicago
"2251 W 50th Pl,Chicago, IL 60609",41.87897,-87.66063,Chicago
"375 W Elm St,Chicago, IL 60610",41.90268,-87.638501,Chicago
"4039 W Cermak Rd,Chicago, IL 60623",41.851217,-87.72651,Chicago
"1632 W Division St,Chicago, IL 60622",41.903553,-87.668858,Chicago
"650 W Scott St,Chicago, IL 60610",41.87897,-87.66063,Chicago
"618 W Scott St,Chicago, IL 60610",41.905881,-87.644389,Chicago
"1400 E 47th St,Chicago, IL 60653",41.81023,-87.592302,Chicago
"2334 W Division St,Chicago, IL 60622",41.903347,-87.685946,Chicago
"1344 N Dean St,Chicago, IL 60622",41.906904,-87.670894,Chicago
"300 N Central Park Ave,Chicago, IL 60624",41.87897,-87.66063,Chicago
"1330 E 50th St,Chicago, IL 60615",41.804901,-87.594216,Chicago
"5531 S King Dr,Chicago, IL 60637",41.793537,-87.615241,Chicago
"1530 N Elk Grove Ave,Chicago, IL 60622",41.91,-87.67554,Chicago
"1601 N Milwaukee Ave,Chicago, IL 60647",41.910851,-87.67777,Chicago
"5839 S Wood St,Chicago, IL 60636",41.787208,-87.668468,Chicago
"1400 N Sacramento Ave,Chicago, IL 60622",41.905408,-87.703311,Chicago
"1919 N Seminary Ave,Chicago, IL 60614",41.916605,-87.655233,Chicago
"5200 S Hyde Park Blvd,Chicago, IL 60615",41.800884,-87.585048,Chicago
"5818 S Cottage Grove Ave,Chicago, IL 60637",41.788767,-87.606714,Chicago
"6054 S Damen Ave,Chicago, IL 60636",41.783324,-87.674594,Chicago
"2021 N Burling St,Chicago, IL 60614",41.918801,-87.646733,Chicago
"5458 S Lake Park Ave,Chicago, IL 60615",41.87897,-87.66063,Chicago
"4615 W Jackson Blvd,Chicago, IL 60644",41.876731,-87.740969,Chicago
"230 N Kostner Ave,Chicago, IL 60624",41.87897,-87.66063,Chicago
"305 N Kostner Ave,Chicago, IL 60624",41.87897,-87.66063,Chicago
"1130 Midway Plaisance Dr,Chicago, IL 60637",41.87897,-87.66063,Chicago
"2250 N Clifton Ave,Chicago, IL 60614",41.923186,-87.657463,Chicago
"5491 S Shore Dr,Chicago, IL 60615",41.796431,-87.576167,Chicago
"5656 S Saint Louis Ave,Chicago, IL 60629",41.87897,-87.66063,Chicago
"6500 S Racine Ave,Chicago, IL 60636",41.775036,-87.655258,Chicago
"5491 S Lake Shore Dr,Chicago, IL 60615",41.87897,-87.66063,Chicago
"2391 N Stockton Dr,Chicago, IL 60614",41.924294,-87.63533,Chicago
"6200 S Drexel Ave,Chicago, IL 60637",41.781885,-87.604871,Chicago
"4901 S Kilbourn Ave,Chicago, IL 60632",41.803478,-87.735166,Chicago
"1640 N Drake Ave,Chicago, IL 60647",41.87897,-87.66063,Chicago
"63rd St &amp; Lake Shore Dr,Chicago, IL 60637",41.87897,-87.66063,Chicago
"2200 N Oakley Ave,Chicago, IL 60647",41.921722,-87.685097,Chicago
"2228 N Oakley Ave,Chicago, IL 60647",41.923027,-87.685709,Chicago
"5085 W Adams St,Chicago, IL 60644",41.87805,-87.752741,Chicago
"4431 W Augusta Blvd,Chicago, IL 60651",41.89855,-87.737342,Chicago
"2534 N Greenview Ave,Chicago, IL 60614",41.928212,-87.666752,Chicago
"4134 W Hirsch St,Chicago, IL 60651",41.906374,-87.730431,Chicago
"4347 W 54th St,Chicago, IL 60632",41.794827,-87.732388,Chicago
"2402 N Washtenaw Ave,Chicago, IL 60647",41.925159,-87.695171,Chicago
"5116 W 44th St,Chicago, IL 60638",41.87897,-87.66063,Chicago
"1762 W Diversey Pkwy,Chicago, IL 60614",41.932622,-87.673228,Chicago
"5010 W 50th St,Chicago, IL 60638",41.802433,-87.748215,Chicago
"500 S Central Ave,Chicago, IL 60644",41.873798,-87.766097,Chicago
"2036 N Avers Ave,Chicago, IL 60647",41.917879,-87.72372,Chicago
"5825 S Kostner Ave,Chicago, IL 60629",41.787025,-87.732417,Chicago
"5458 W Lake St,Chicago, IL 60644",41.87897,-87.66063,Chicago
"7140 S King Dr,Chicago, IL 60619",41.764609,-87.616039,Chicago
"3035 N Hoyne Ave,Chicago, IL 60618",41.937137,-87.680178,Chicago
"1743 W 73rd St,Chicago, IL 60636",41.761077,-87.667966,Chicago
"5610 W Lake St,Chicago, IL 60644",41.888352,-87.765801,Chicago
"2219 N Karlov Ave,Chicago, IL 60639",41.921436,-87.728836,Chicago
"1726 W Belmont Ave,Chicago, IL 60657",41.939863,-87.67224,Chicago
"1333 N Laramie Ave,Chicago, IL 60651",41.904978,-87.755105,Chicago
"4233 W 65th St,Chicago, IL 60629",41.87897,-87.66063,Chicago
"1219 W 76th St,Chicago, IL 60620",41.87897,-87.66063,Chicago
"3505 N Southport Ave,Chicago, IL 60657",41.87897,-87.66063,Chicago
"2732 N Avers Ave,Chicago, IL 60647",41.930909,-87.723835,Chicago
"1833 E 71st St,Chicago, IL 60649",41.765851,-87.579943,Chicago
"3285 N Elston Ave,Chicago, IL 60618",41.941348,-87.70022,Chicago
"7340 S East End Ave,Chicago, IL 60649",41.760954,-87.584348,Chicago
"7655 S Ingleside Ave,Chicago, IL 60619",41.755659,-87.600437,Chicago
"4438 W Wrightwood Ave,Chicago, IL 60639",41.929087,-87.738151,Chicago
"2122 Aurora Ave,Naperville, IL 60540",41.754048,-88.149814,Naperville
"1072 W Jefferson Ave,Naperville, IL 60540",41.772053,-88.165935,Naperville
"425 Jackson Ave,Naperville, IL 60540",41.772268,-88.155464,Naperville
"2056 Westings Ave,Naperville, IL 60563",41.806359,-88.199629,Naperville
"219 S Mill St,Naperville, IL 60540",41.772478,-88.155208,Naperville
"421 Martin Ave,Naperville, IL 60540",41.780921,-88.139678,Naperville
"1754 N Washington St,Naperville, IL 60563",41.80205,-88.140918,Naperville
"2244 95th St,Naperville, IL 60564",41.70949,-88.190257,Naperville
"3252 Wolfs Crossing Rd,Naperville, IL 60564",41.705384,-88.230158,Naperville
"2283 River Woods Dr,Naperville, IL 60565",41.724362,-88.130257,Naperville
"320 Knoch Knolls Rd,Naperville, IL 60565",41.714022,-88.141107,Naperville
"4519 Pradel Dr,Naperville, IL 60564",41.687495,-88.192512,Naperville
"4527 Chinaberry Ln,Naperville, IL 60564",41.687597,-88.22832,Naperville
"3702 111th St,Naperville, IL 60564",41.754048,-88.149814,Naperville
"3500 Mccoy Dr,Aurora, IL 60504",41.754825,-88.22726,Naperville
"2220 83rd St,Naperville, IL 60564",41.731572,-88.191724,Naperville
"2507 Warm Springs Ln,Naperville, IL 60564",41.716614,-88.198181,Naperville
"3415 Book Rd,Naperville, IL 60564",41.704079,-88.187261,Naperville
"320 Jackson Ave,Naperville, IL 60540",41.771616,-88.154974,Naperville
"443 Aurora Ave,Naperville, IL 60540",41.770036,-88.156699,Naperville
"1680 5th Ave,Aurora, IL 60504",41.746746,-88.275904,Naperville
"555 S Eola Rd,Aurora, IL 60504",41.745599,-88.247846,Naperville
"3S260 Warren Ave,Warrenville, IL 60555",41.816774,-88.177849,Naperville
"901 Ray Moses Dr,Aurora, IL 60505",41.735223,-88.296085,Naperville
"327 W Wilson St,Batavia, IL 60510",41.850249,-88.312994,Naperville
"2121 W Indian Trl,Aurora, IL 60506",41.781741,-88.367279,Naperville
"1925 Ohio St,Lisle, IL 60532",41.791971,-88.085125,Naperville
"1825 Short St,Lisle, IL 60532",41.790626,-88.084163,Naperville
"102 E Wesley St,Wheaton, IL 60187",41.865946,-88.106334,Naperville
"1356 N Gary Ave,Wheaton, IL 60187",41.865182,-88.099665,Naperville
"22204 W Hassert Blvd,Plainfield, IL 60585",41.685743,-88.161185,Naperville
"920 Burlington Ave,Lisle, IL 60532",41.794275,-88.087437,Naperville
"1759 S Blanchard St,Wheaton, IL 60189",41.865182,-88.099665,Naperville
"419 Trout Farm Rd,Bolingbrook, IL 60440",41.708863,-88.091684,Naperville
"0N020 County Farm Rd,Winfield, IL 60190",41.872372,-88.145915,Naperville
"1701 Manchester Rd,Wheaton, IL 60187",41.865182,-88.099665,Naperville
"2600 Center Dr,Woodridge, IL 60517",41.758293,-88.046733,Naperville
"500 S Naperville Rd,Wheaton, IL 60187",41.860907,-88.103522,Naperville
"303 W Wesley St,Wheaton, IL 60187",41.866459,-88.110429,Naperville
"2S525 Park Blvd,Glen Ellyn, IL 60137",41.86709,-88.062857,Naperville
"208 W Union Ave,Wheaton, IL 60187",41.865182,-88.099665,Naperville
"1777 Sblanchard Rd,Wheaton, IL 60187",41.865182,-88.099665,Naperville
"201 W National St,West Chicago, IL 60185",41.885149,-88.243927,Naperville
"855 W Prairie Ave,Wheaton, IL 60187",41.876992,-88.11968,Naperville
"1000 Ray Moses Dr,Aurora, IL 60505",41.735749,-88.293539,Naperville
"360 N Broadway,Aurora, IL 60505",41.764181,-88.308875,Naperville
"101 W Illinois Ave,Aurora, IL 60506",41.772175,-88.311486,Naperville
"828 Montgomery Rd,Aurora, IL 60505",41.732642,-88.296584,Naperville
"21 Winrock Rd,Montgomery, IL 60538",41.715167,-88.326349,Naperville
"15427 S 37th Pl,Mooseheart, IL 60539",41.82392,-88.3348,Naperville
"400 S Water St,Batavia, IL 60510",41.855835,-88.296112,Elgin
"100 N Island Ave,Batavia, IL 60510",41.851886,-88.308163,Naperville
"3516 Us Highway 34,Oswego, IL 60543",41.678756,-88.342492,Naperville
"5 Ashlawn Ave,Montgomery, IL 60538",41.73124,-88.342821,Naperville
"1000 Manchester Rd,Wheaton, IL 60187",41.866517,-88.122103,Naperville
"2455 Warrenville Rd,Downers Grove, IL 60515",41.806754,-88.044983,Elgin
"5801 Westview Ln,Lisle, IL 60532",41.794275,-88.087437,Naperville
"250 E National St,West Chicago, IL 60185",41.885149,-88.243927,Naperville
"475 Trout Farm Rd,Bolingbrook, IL 60440",41.710913,-88.088239,Naperville
"100 Symphony Way,Elgin, IL 60120",42.041106,-88.285612,Elgin
"3046 Sutton St,Elgin, IL 60124",42.033775,-88.358439,Elgin
"132 S Grove Ave,Elgin, IL 60120",42.033136,-88.281778,Elgin
"1220 N Randall Rd,Dundee, IL 60118",42.106337,-88.310678,Elgin
"800 Michigan Ave,South Elgin, IL 60177",42.005476,-88.306891,Elgin
"1180 N Randall Rd,Dundee, IL 60118",42.106337,-88.310678,Elgin
"338 Valley Forge Ave,South Elgin, IL 60177",41.987792,-88.306906,Elgin
"1020 N Lancaster Cir,South Elgin, IL 60177",41.99231,-88.306131,Elgin
"35W217 Il Route 31,South Elgin, IL 60177",41.99231,-88.306131,Elgin
"35W003 Il Route 31,South Elgin, IL 60177",41.99231,-88.306131,Elgin
"777 S Bartlett Rd,Streamwood, IL 60107",42.019515,-88.181934,Elgin
"8 N Ave,Saint Charles, IL 60175",41.92082,-88.316053,Elgin
"845 N 2nd Ave,Saint Charles, IL 60174",41.921223,-88.314281,Elgin
"40 W 250 La Fox Rd,Wasco, IL 60183",41.93808,-88.40452,Elgin
"101 N 2nd Ave,Saint Charles, IL 60174",41.914834,-88.306957,Elgin
"101 S 2nd St,Saint Charles, IL 60174",41.912199,-88.315653,Elgin
"426 Highland Ave,West Dundee, IL 60118",42.102336,-88.286758,Elgin
"4101 Binnie Rd,Dundee, IL 60118",42.11742,-88.342689,Elgin
"102 N Eastern Ave,Bartlett, IL 60103",41.995179,-88.184298,Elgin
"696 W Stearns Rd,Bartlett, IL 60103",42.03802,-87.740681,Elgin
"2 Royal Way,Barrington, IL 60010",42.137399,-88.242618,Elgin
"6900 Catalpa St,Hanover Park, IL 60133",41.998302,-88.150922,Chicago
"37W755 Bolcum Rd,Saint Charles, IL 60175",41.954591,-88.351602,Chicago
"700 W Irving Park Rd,Streamwood, IL 60107",42.018598,-88.195935,Elgin
"665 Barrington Ave,Carpentersville, IL 60110",42.115691,-88.288824,Elgin
"8 North Ave,Saint Charles, IL 60174",41.92082,-88.316053,Elgin
"18N681 Il Route 31,Dundee, IL 60118",42.106337,-88.310678,Elgin
"140 S Hickory Ave,Bartlett, IL 60103",41.99331,-88.187386,Elgin
"2675 Pratum Ave,Hoffman Estates, IL 60192",42.072767,-88.211545,Elgin
"11419 S Il Route 47,Huntley, IL 60142",42.151714,-88.441192,Elgin
"327 W Wilson St,Batavia, IL 60510",41.850249,-88.312994,Elgin
"900 W Schaumburg Rd,Schaumburg, IL 60194",42.027293,-88.102265,Elgin
"849 W Lies Rd,Carol Stream, IL 60188",41.93093,-88.149243,Elgin
"1685 W Higgins Rd,Hoffman Estates, IL 60169",42.052232,-88.121565,Elgin
"5200 Miller Rd,Lake In The Hills, IL 60156",42.188535,-88.315966,Elgin
"4038 Kaneville Rd,Geneva, IL 60134",41.870377,-88.361517,Elgin
"390 South Ave,Hampshire, IL 60140",42.095088,-88.520873,Chicago
"1055 Lake St,Hanover Park, IL 60133",41.998302,-88.150922,Elgin
"877 Geneva Dr,Geneva, IL 60134",41.883917,-88.323218,Elgin
"13 Simpson St,Geneva, IL 60134",41.88603,-88.289594,Elgin
"710 Western Ave,Geneva, IL 60134",41.879645,-88.322943,Elgin
"719 S Batavia Ave,Geneva, IL 60134",41.879978,-88.307458,Elgin
"400 E Jefferson Ave,Hampshire, IL 60140",42.097365,-88.530929,Elgin
"100 N Island Ave,Batavia, IL 60510",41.851886,-88.308163,Elgin
"400 S Water St,Batavia, IL 60510",41.855835,-88.296112,Elgin
"1655 Irving Park Rd,Hanover Park, IL 60133",42.005928,-88.147058,Elgin
"1529 W Celebrity Cir,Hanover Park, IL 60133",41.998302,-88.150922,Elgin
"1675 W Schaumburg Rd,Schaumburg, IL 60194",42.017191,-88.079533,Elgin
"100 Jefferson St,Algonquin, IL 60102",42.164746,-88.32171,Elgin
"1223 Sharon Ln,Schaumburg, IL 60193",42.021383,-88.110902,Elgin
"600 Harvest Gate,Lake In The Hills, IL 60156",42.178396,-88.341551,Elgin
"201 W National St,West Chicago, IL 60185",41.885149,-88.243927,Chicago
"650 W Higgins Rd,Hoffman Estates, IL 60169",42.049775,-88.096468,Naperville
"601 Morse Ave,Schaumburg, IL 60193",42.000037,-88.09477,Elgin
"12201 Main St,Huntley, IL 60142",42.151714,-88.441192,Elgin
"1293 Industrial Dr,Lake In The Hills, IL 60156",42.18978,-88.306109,Elgin
"3600 Lexington Dr,Hoffman Estates, IL 60192",42.089252,-88.105862,Elgin
"269 Springfield Dr,Bloomingdale, IL 60108",41.955305,-88.078099,Naperville
"8740 Elam Rd,Dallas, TX 75217",32.736212,-96.784359,Dallas
"2540 Farmers Branch Ln,Dallas, TX 75234",32.736212,-96.784359,Dallas
"18065 Apple Rdg,Dallas, TX 75287",33.000293,-96.869431,Dallas
"901 Main St,Dallas, TX 75202",32.780052,-96.803907,Dallas
"1500 Marilla St,Dallas, TX 75201",32.776019,-96.797004,Dallas
"3500 W Northwest Hwy,Dallas, TX 75220",32.855285,-96.861525,Dallas
"2346 Victory Park Ln,Dallas, TX 75219",32.788129,-96.809011,Dallas
"1822 Cadiz St,Dallas, TX 75201",32.776723,-96.792249,Dallas
"1855 Payne St,Dallas, TX 75201",32.792515,-96.808365,Dallas
"2100 Clark St,Dallas, TX 75204",32.795713,-96.794601,Dallas
"1515 S Harwood St,Dallas, TX 75215",32.773072,-96.78784,Dallas
"2200 Hugo St,Dallas, TX 75204",32.797398,-96.793762,Dallas
"1837 Corinth St,Dallas, TX 75215",32.736212,-96.784359,Dallas
"3520 Cedar Springs Rd,Dallas, TX 75219",32.80741,-96.806103,Dallas
"3333 Turtle Creek Blvd,Dallas, TX 75219",32.808428,-96.803366,Dallas
"3949 Maple Ave,Dallas, TX 75219",32.804735,-96.816047,Dallas
"1350 Manufacturing St,Dallas, TX 75207",32.797809,-96.827728,Dallas
"3700 Sylvan Ave,Dallas, TX 75207",32.736212,-96.784359,Dallas
"3109 Douglas Ave,Dallas, TX 75219",32.813699,-96.813586,Dallas
"542 E Jefferson Blvd,Dallas, TX 75203",32.736212,-96.784359,Dallas
"4601 Lakeside Dr,Dallas, TX 75205",32.736212,-96.784359,Dallas
"2525 Pine St,Dallas, TX 75215",32.756892,-96.760673,Dallas
"4814 Abbott Ave,Dallas, TX 75205",32.736212,-96.784359,Dallas
"3322 Reed Ln,Dallas, TX 75215",32.736212,-96.784359,Dallas
"5217 Mckinney Ave Ste 102,Dallas, TX 75205",32.736212,-96.784359,Dallas
"6200 E Grand Ave,Dallas, TX 75223",32.736212,-96.784359,Dallas
"5300 Martel Ave,Dallas, TX 75206",32.736212,-96.784359,Dallas
"4848 Elsie Faye Heggins St,Dallas, TX 75210",32.736212,-96.784359,Dallas
"3000 Rochester St,Dallas, TX 75215",32.739477,-96.743247,Dallas
"708 W Mockingbird Ln,Dallas, TX 75247",32.810271,-96.872969,Dallas
"3501 Lovers Ln,Dallas, TX 75225",32.736212,-96.784359,Dallas
"8008 Cedar Springs Rd,Dallas, TX 75235",32.845567,-96.849892,Dallas
"3432 E Illinois Ave,Dallas, TX 75216",32.71482,-96.765929,Dallas
"3080 S Hampton Rd,Dallas, TX 75224",32.736212,-96.784359,Dallas
"830 Sunset Inn Cir,Dallas, TX 75218",32.736212,-96.784359,Dallas
"2530 Webb Chapel Ext,Dallas, TX 75220",32.736212,-96.784359,Dallas
"200 N Buckner Blvd,Dallas, TX 75218",32.858453,-96.715224,Dallas
"7731 Meadow Park Dr,Dallas, TX 75230",32.885785,-96.773534,Dallas
"8280 Manderville Ln,Dallas, TX 75231",32.736212,-96.784359,Dallas
"10770 Bk St,Dallas, TX 75238",32.736212,-96.784359,Dallas
"10010 Clearmeadow Dr,Dallas, TX 75238",32.884997,-96.715505,Dallas
"10935 Mccree Rd,Dallas, TX 75238",32.873614,-96.696011,Dallas
"13000 William Dodson Pkwy,Dallas, TX 75234",32.736212,-96.784359,Dallas
"18110 Marsh Ln Ofc 401,Dallas, TX 75287",32.736212,-96.784359,Dallas
"2401 Lake Frst,Dallas, TX 75006",33.018869,-97.062604,Dallas
"4899 Gramercy Oaks Dr,Dallas, TX 75287",33.010962,-96.81997,Dallas
"5620 Parkdale Dr,Dallas, TX 75227",32.778902,-96.726033,Dallas
"4420 Worcola St,Dallas, TX 75206",32.840133,-96.77108,Dallas
"7803 Fair Oaks Ave,Dallas, TX 75231",32.736212,-96.784359,Dallas
"9500 W Lake Highlands Dr,Dallas, TX 75218",32.843156,-96.713002,Dallas
"8007 E Northwest Hwy,Dallas, TX 75238",32.736212,-96.784359,Dallas
"1300 Robert B Cullum Blvd,Dallas, TX 75210",32.775847,-96.76413,Dallas
"1820 Dowdy Ferry Rd,Dallas, TX 75217",32.736212,-96.784359,Dallas
"3625 N Hall St,Dallas, TX 75219",32.808897,-96.806583,Dallas
"8300 Garland Rd,Dallas, TX 75218",32.736212,-96.784359,Dallas
"950 E Lawther Dr,Dallas, TX 75218",32.736212,-96.784359,Dallas
"2221 E State Highway 356,Irving, TX 75060",32.89869,-96.97224,Dallas
"5215 N O Connor Blvd,Irving, TX 75039",32.89869,-96.97224,Dallas
"600 Gross Rd,Mesquite, TX 75149",32.77464,-96.613839,Dallas
"777 N Galloway Ave,Mesquite, TX 75149",32.774584,-96.599786,Dallas
"342 W Oates Rd,Garland, TX 75043",32.847754,-96.615972,Dallas
"101 Holley Park Dr,Mesquite, TX 75149",32.763852,-96.599535,Dallas
"1515 N Galloway Ave,Mesquite, TX 75149",32.782908,-96.602232,Dallas
"1001 New Market Rd,Mesquite, TX 75149",32.758941,-96.611124,Dallas
"5928 Northwest Dr,Mesquite, TX 75150",32.784643,-96.622535,Dallas
,,,Dallas
,,,Dallas
,,,Dallas
,,,Dallas
,,,Dallas
,,,Dallas
,,,Dallas
,,,Dallas
,,,Dallas
,,,Dallas
,,,Dallas
,,,Dallas
,,,Dallas
,,,Dallas
,,,Dallas
,,,Dallas
,,,Dallas
,,,Dallas
,,,Dallas
,,,Dallas
,,,Dallas
,,,Dallas
,,,Dallas
,,,Dallas
,,,Dallas
,,,Dallas
,,,Dallas
,,,Dallas
,,,Dallas
,,,Dallas
,,,Dallas
,,,Dallas
,,,Dallas
,,,Dallas
,,,Dallas
"3309 Riveroad Ct,Fort Worth, TX 76116",32.729442,-97.33181,Fort Worth
"11601 Morris Dido Newark Rd,Fort Worth, TX 76179",32.935888,-97.481988,Fort Worth
"1112 W Presidio St,Fort Worth, TX 76102",32.729442,-97.33181,Fort Worth
"777 Main St,Fort Worth, TX 76102",32.750816,-97.360972,Fort Worth
"311 Nichols St,Fort Worth, TX 76102",32.759485,-97.32293,Fort Worth
"920 Woodward St,Fort Worth, TX 76107",32.759982,-97.342592,Fort Worth
"3824 Fitzhugh Ave,Fort Worth, TX 76105",32.716762,-97.267334,Fort Worth
"3700 E Belknap St,Fort Worth, TX 76111",32.777345,-97.293261,Fort Worth
"1851 Jacksboro Hwy,Fort Worth, TX 76114",32.774619,-97.368715,Fort Worth
"6930 Camp Bowie West Blvd,Fort Worth, TX 76116",32.729442,-97.33181,Fort Worth
"6200 Hatchery Rd,Fort Worth, TX 76114",32.729442,-97.33181,Fort Worth
"5250 Old Benbrook Rd,Fort Worth, TX 76126",32.694032,-97.45182,Fort Worth
"Glenview Dr &amp; Airline Dr,Fort Worth, TX 76118",32.729442,-97.33181,Fort Worth
"375 Shadow Grass Ave,Fort Worth, TX 76120",32.788136,-97.198055,Fort Worth
"5817 Fairglen Ave,Fort Worth, TX 76137",32.729442,-97.33181,Fort Worth
"Hightower Dr,Fort Worth, TX 76148",32.729442,-97.33181,Fort Worth
"4200 South Fwy,Fort Worth, TX 76115",32.686487,-97.324955,Fort Worth
"750 N Beach St,Fort Worth, TX 76111",32.729442,-97.33181,Fort Worth
"6300 Welch Ave,Fort Worth, TX 76133",32.653076,-97.382689,Fort Worth
"2700 Ash Park Dr,Richland Hills, TX 76118",32.798993,-97.228006,Fort Worth
"6400 Glenview Dr,North Richland Hills, TX 76180",32.823168,-97.246606,Fort Worth
"717 W Main St,Arlington, TX 76013",32.737235,-97.115421,Fort Worth
"500 Chisenhall Park Ln,Burleson, TX 76028",32.53319,-97.33381,Fort Worth
"900 E Glendale St,Crowley, TX 76036",32.580701,-97.343444,Fort Worth
"7800 Virgil Anthony Blvd,Watauga, TX 76148",32.886409,-97.256802,Fort Worth
"1901 W Randol Mill Rd,Arlington, TX 76012",32.754822,-97.138205,Fort Worth
"2800 W Sublett Rd,Arlington, TX 76017",32.646351,-97.155071,Fort Worth
"809 W Randol Mill Rd,Arlington, TX 76012",32.750634,-97.116548,Fort Worth
"220 W Louella Dr,Hurst, TX 76054",32.846167,-97.169235,Fort Worth
"7451 Starnes Rd,North Richland Hills, TX 76182",32.884208,-97.221586,Fort Worth
"2200 Norwood Dr,Hurst, TX 76054",32.859441,-97.171553,Fort Worth
"7344 Century Dr,North Richland Hills, TX 76182",32.881483,-97.215631,Fort Worth
"7701 Smithfield Rd,North Richland Hills, TX 76182",32.887949,-97.213351,Fort Worth
"2000 Forest Ridge Dr,Bedford, TX 76021",32.840971,-97.140946,Fort Worth
"1300 Dugan St,Arlington, TX 76010",32.685678,-97.102867,Fort Worth
"400 Cravens Park Dr,Arlington, TX 76018",32.650488,-97.107525,Fort Worth
"1997 S Pipeline Rd W,Euless, TX 76040",32.857311,-97.078944,Fort Worth
"1601 E Randol Mill Rd,Arlington, TX 76011",32.751367,-97.087809,Fort Worth
"1601 NE Green Oaks Blvd,Arlington, TX 76006",32.787531,-97.090361,Fort Worth
"950 SE Green Oaks Blvd,Arlington, TX 76018",32.651345,-97.095255,Fort Worth
"1530 N Walnut Creek Dr,Mansfield, TX 76063",32.596503,-97.129184,Fort Worth
"633 W Mcleroy Blvd,Saginaw, TX 76179",32.866536,-97.365525,Fort Worth
"1000 W Bardin Rd,Arlington, TX 76017",32.666027,-97.127669,Fort Worth
"1000 Ballpark Way,Arlington, TX 76011",32.762019,-97.076909,Fort Worth
"700 Mary Dr,Hurst, TX 76053",32.821899,-97.176381,Fort Worth
"3811 S Cooper St,Arlington, TX 76015",32.67304,-97.115426,Fort Worth
"2 Courtney Ct,Arlington, TX 76015",32.700131,-97.154375,Fort Worth
"5109 Bransford Rd,Colleyville, TX 76034",32.884558,-97.159414,Fort Worth
"7901 Indian Springs Rd,Watauga, TX 76148",32.888261,-97.250291,Fort Worth
"12848 South Fwy,Burleson, TX 76028",32.57109,-97.322901,Fort Worth
"1100 Bear Creek Pkwy,Keller, TX 76248",32.929769,-97.227127,Fort Worth
"2960 Epic Pl,Grand Prairie, TX 75052",32.702025,-97.030226,Fort Worth
"1800 Fuller Wiser Road,Euless, TX 76039",32.862531,-97.07248,Fort Worth
"2612 Avenue E E,Arlington, TX 76011",32.756219,-97.062239,Fort Worth
"265 Golden Triangle Blvd,Keller, TX 76248",32.931028,-97.260808,Fort Worth
"416 Keller Smithfield Rd S,Keller, TX 76248",32.933235,-97.229144,Fort Worth
"2512 Glade Rd,Colleyville, TX 76034",32.883585,-97.127278,Fort Worth
"300 Midway Dr W,Euless, TX 76039",32.845219,-97.085288,Fort Worth
"861 S Great Southwest Pkwy,Grand Prairie, TX 75051",32.757113,-97.048168,Fort Worth
"1670 Keller Pkwy,Keller, TX 76248",32.933737,-97.213194,Fort Worth
"311 S Fm 1187,Aledo, TX 76008",32.693202,-97.60225,Fort Worth
"902 Cottontail Ln,Euless, TX 76039",32.848776,-97.067896,Fort Worth
"5201 Bransford Rd,Colleyville, TX 76034",32.887009,-97.159413,Fort Worth
"989 N Walnut Creek Dr Ste 111,Mansfield, TX 76063",32.580068,-97.134872,Fort Worth
"3829 Pinewood St,Bedford, TX 76021",32.848513,-97.104924,Fort Worth
"2222 W Warrior Trl,Grand Prairie, TX 75052",32.699404,-97.036275,Fort Worth
,,,Fort Worth
,,,Fort Worth
,,,Fort Worth
,,,Fort Worth
,,,Fort Worth
,,,Fort Worth
,,,Fort Worth
,,,Fort Worth
,,,Fort Worth
,,,Fort Worth
,,,Fort Worth
,,,Fort Worth
,,,Fort Worth
,,,Fort Worth
,,,Fort Worth
,,,Fort Worth
,,,Fort Worth
,,,Fort Worth
,,,Fort Worth
,,,ArlingtonTX
,,,Fort Worth
,,,Fort Worth
,,,ArlingtonTX
,,,ArlingtonTX
,,,ArlingtonTX
,,,ArlingtonTX
,,,ArlingtonTX
,,,ArlingtonTX
,,,Fort Worth
,,,Fort Worth
,,,Fort Worth
,,,ArlingtonTX
,,,ArlingtonTX
,,,ArlingtonTX
,,,ArlingtonTX
,,,ArlingtonTX
"717 W Main St,Arlington, TX 76013",32.737235,-97.115421,ArlingtonTX
"1300 Dugan St,Arlington, TX 76010",32.685678,-97.102867,ArlingtonTX
"809 W Randol Mill Rd,Arlington, TX 76012",32.750634,-97.116548,ArlingtonTX
"1601 E Randol Mill Rd,Arlington, TX 76011",32.751367,-97.087809,ArlingtonTX
"1901 W Randol Mill Rd,Arlington, TX 76012",32.754822,-97.138205,ArlingtonTX
"2612 Avenue E E,Arlington, TX 76011",32.756219,-97.062239,ArlingtonTX
"1601 NE Green Oaks Blvd,Arlington, TX 76006",32.787531,-97.090361,ArlingtonTX
"400 Cravens Park Dr,Arlington, TX 76018",32.650488,-97.107525,ArlingtonTX
"950 SE Green Oaks Blvd,Arlington, TX 76018",32.651345,-97.095255,ArlingtonTX
"2800 W Sublett Rd,Arlington, TX 76017Arlington, TX 76001",32.646351,-97.155071,ArlingtonTX
"1000 W Bardin Rd,Arlington, TX 76017",32.666027,-97.127669,ArlingtonTX
"1000 Ballpark Way,Arlington, TX 76011",32.762019,-97.076909,ArlingtonTX
"3811 S Cooper St,Arlington, TX 76015",32.67304,-97.115426,ArlingtonTX
"2 Courtney Ct,Arlington, TX 76015",32.700131,-97.154375,ArlingtonTX
"861 S Great Southwest Pkwy,Grand Prairie, TX 75051",32.757113,-97.048168,ArlingtonTX
"2960 Epic Pl,Grand Prairie, TX 75052",32.702025,-97.030226,ArlingtonTX
"2700 Ash Park Dr,Richland Hills, TX 76118",32.798993,-97.228006,ArlingtonTX
"1800 Fuller Wiser Road,Euless, TX 76039",32.862531,-97.07248,ArlingtonTX
"1997 S Pipeline Rd W,Euless, TX 76040",32.857311,-97.078944,ArlingtonTX
"400 College St,Grand Prairie, TX 75050",32.748264,-97.008278,ArlingtonTX
"2134 Goerte Dr,Grand Prairie, TX 75051",32.713736,-97.005894,ArlingtonTX
"375 Shadow Grass Ave,Fort Worth, TX 76120",32.788136,-97.198055,ArlingtonTX
"2000 Forest Ridge Dr,Bedford, TX 76021",32.840971,-97.140946,ArlingtonTX
"300 Midway Dr W,Euless, TX 76039",32.845219,-97.085288,ArlingtonTX
"Glenview Dr &amp; Airline Dr,Fort Worth, TX 76118",32.729442,-97.33181,ArlingtonTX
"525 W Polo Rd,Grand Prairie, TX 75052",32.676959,-97.023474,ArlingtonTX
"902 Cottontail Ln,Euless, TX 76039",32.848776,-97.067896,ArlingtonTX
"220 W Louella Dr,Hurst, TX 76054",32.846167,-97.169235,ArlingtonTX
"701 W Camp Wisdom Rd,Grand Prairie, TX 75052",32.676959,-97.023474,ArlingtonTX
"2122 N Carrier Pkwy,Grand Prairie, TX 75050",32.771069,-97.025136,ArlingtonTX
"700 Mary Dr,Hurst, TX 76053",32.821899,-97.176381,ArlingtonTX
"1000 Lone Star Pkwy,Grand Prairie, TX 75050",32.773716,-96.986396,ArlingtonTX
"2222 W Warrior Trl,Grand Prairie, TX 75052",32.699404,-97.036275,ArlingtonTX
"3829 Pinewood St,Bedford, TX 76021",32.848513,-97.104924,ArlingtonTX
"825 W Irving Blvd,Irving, TX 75060",32.814079,-96.955866,ArlingtonTX
"217 S Main St,Irving, TX 75060",32.812284,-96.946586,ArlingtonTX
"1530 N Walnut Creek Dr,Mansfield, TX 76063",32.596503,-97.129184,Fort Worth
"3824 Fitzhugh Ave,Fort Worth, TX 76105",32.716762,-97.267334,ArlingtonTX
"2200 Norwood Dr,Hurst, TX 76054",32.859441,-97.171553,Fort Worth
"2512 Glade Rd,Colleyville, TX 76034",32.883585,-97.127278,ArlingtonTX
"444 W 2nd St,Irving, TX 75060",32.89869,-96.97224,ArlingtonTX
"3700 E Belknap St,Fort Worth, TX 76111",32.777345,-97.293261,ArlingtonTX
"7344 Century Dr,North Richland Hills, TX 76182",32.881483,-97.215631,ArlingtonTX
"7701 Smithfield Rd,North Richland Hills, TX 76182",32.887949,-97.213351,ArlingtonTX
"7451 Starnes Rd,North Richland Hills, TX 76182",32.884208,-97.221586,ArlingtonTX
"2221 E State Highway 356,Irving, TX 75060",32.89869,-96.97224,ArlingtonTX
"311 Nichols St,Fort Worth, TX 76102",32.759485,-97.32293,ArlingtonTX
"777 Main St,Fort Worth, TX 76102",32.750816,-97.360972,ArlingtonTX
"756 Port America Pl,Grapevine, TX 76051",32.919158,-97.067612,ArlingtonTX
"Hightower Dr,Fort Worth, TX 76148",32.729442,-97.33181,ArlingtonTX
"1112 W Presidio St,Fort Worth, TX 76102",32.729442,-97.33181,ArlingtonTX
"2850 Park Ridge Dr,Cedar Hill, TX 75104",32.557702,-97.007123,ArlingtonTX
"5215 N O Connor Blvd,Irving, TX 75039",32.89869,-96.97224,ArlingtonTX
"920 Woodward St,Fort Worth, TX 76107",32.759982,-97.342592,ArlingtonTX
"7800 Virgil Anthony Blvd,Watauga, TX 76148",32.886409,-97.256802,ArlingtonTX
"4200 South Fwy,Fort Worth, TX 76115",32.686487,-97.324955,Fort Worth
"7901 Indian Springs Rd,Watauga, TX 76148",32.888261,-97.250291,ArlingtonTX
"5201 Bransford Rd,Colleyville, TX 76034",32.887009,-97.159413,ArlingtonTX
"989 N Walnut Creek Dr Ste 111,Mansfield, TX 76063",32.580068,-97.134872,ArlingtonTX
"490 Heritage Pkwy S,Mansfield, TX 76063",32.557303,-97.083496,ArlingtonTX
"750 N Beach St,Fort Worth, TX 76111",32.729442,-97.33181,ArlingtonTX
"1700 N Airfield Dr  Airfield Drive At Texan Trail,Irving, TX 75261",32.89869,-96.97224,ArlingtonTX
"6400 Glenview Dr,North Richland Hills, TX 76180",32.823168,-97.246606,ArlingtonTX
"41 Pecan Acres Mhp,Midlothian, TX 76065",32.496566,-96.992184,Fort Worth
"1100 Bear Creek Pkwy,Keller, TX 76248",32.929769,-97.227127,ArlingtonTX
"1400 Main St,Southlake, TX 76092",32.942697,-97.131222,ArlingtonTX
"501 Shady Brook Dr,Grapevine, TX 76051",32.946363,-97.08077,ArlingtonTX
"2000 Market Place Blvd,Irving, TX 75063",32.920859,-96.973625,ArlingtonTX
"3500 W Northwest Hwy,Dallas, TX 75220",32.855285,-96.861525,ArlingtonTX
"1175 Municipal Way,Grapevine, TX 76051",32.919158,-97.067612,ArlingtonTX
"5817 Fairglen Ave,Fort Worth, TX 76137",32.729442,-97.33181,ArlingtonTX
"901 E Highway 119,Grapevine, TX 76051",32.919158,-97.067612,ArlingtonTX
"500 Industrial Blvd,Grapevine, TX 76051",32.934494,-97.101147,ArlingtonTX
"Las Colinas Blvd &amp; El Lago B,Irving, TX 75039",32.89869,-96.97224,ArlingtonTX
"708 W Mockingbird Ln,Dallas, TX 75247",32.810271,-96.872969,Fort Worth
"3080 S Hampton Rd,Dallas, TX 75224",32.736212,-96.784359,Fort Worth
"416 Keller Smithfield Rd S,Keller, TX 76248",32.933235,-97.229144,Fort Worth
"1851 Jacksboro Hwy,Fort Worth, TX 76114",32.774619,-97.368715,ArlingtonTX
"1670 Keller Pkwy,Keller, TX 76248",32.933737,-97.213194,ArlingtonTX
"1351 N Dooley St,Grapevine, TX 76051",32.919158,-97.067612,ArlingtonTX
"2530 Webb Chapel Ext,Dallas, TX 75220",32.736212,-96.784359,ArlingtonTX
"265 Golden Triangle Blvd,Keller, TX 76248",32.931028,-97.260808,ArlingtonTX
"900 E Glendale St,Crowley, TX 76036",32.580701,-97.343444,ArlingtonTX
"400 S Macarthur Blvd,Coppell, TX 75019",32.961762,-96.958889,ArlingtonTX
"633 W Mcleroy Blvd,Saginaw, TX 76179",32.866536,-97.365525,ArlingtonTX
"2223 Kinwest Pkwy,Irving, TX 75063",32.917211,-96.978497,ArlingtonTX
,,,ArlingtonTX
,,,ArlingtonTX
,,,ArlingtonTX
,,,ArlingtonTX
,,,ArlingtonTX
,,,ArlingtonTX
,,,ArlingtonTX
,,,ArlingtonTX
,,,Fort Worth
,,,ArlingtonTX
,,,ArlingtonTX
,,,ArlingtonTX
,,,ArlingtonTX
,,,ArlingtonTX
,,,ArlingtonTX
,,,ArlingtonTX
,,,Fort Worth
,,,Dallas
,,,Fort Worth
,,,
,,,Fort Worth
,,,Fort Worth
,,,
"400 Michigan Ave NE,Washington, DC 20017",38.933438,-77.00064,Washington
"3545 Williamsburg Ln NW,Washington, DC 20008",38.935967,-77.049989,Washington
"777 6th St NW Ste 700,Washington, DC 20001",38.899496,-77.019645,Washington
"900 Ohio Dr SW,Washington, DC 20024",38.881174,-77.032379,Washington
"1450 Pennsylvania Ave NW,Washington, DC 20004",38.895139,-77.032802,Washington
"1110 Vermont Ave NW,Washington, DC 20005",38.904335,-77.03326,Washington
"1725 Desales St NW Ste 200,Washington, DC 20036",38.904886,-77.039733,Washington
"1725 I St Nw,Washington, DC 20037",38.901642,-77.04034,Washington
"1433 P St NW,Washington, DC 20005",38.909804,-77.033233,Washington
"1777 Church St NW,Washington, DC 20036",38.910577,-77.040919,Washington
"1617 14th St NW,Washington, DC 20009",38.911746,-77.031686,Washington
"364 Independence Ave SW,Washington, DC 20024",38.82652,-77.01712,Washington
"1538 9th St NW,Washington, DC 20001",38.910812,-77.024183,Washington
"1100 Ohio Dr SW,Washington, DC 20242",38.876402,-77.034186,Washington
"3000 K St Nw  By The Potomac River,Washington Dc, DC 20007",38.82652,-77.01712,Washington
"1825 T St NW,Washington, DC 20009",38.915788,-77.042768,Washington
"16th &amp; W St Nw,Washington, DC 20009",38.82652,-77.01712,Washington
"3220 N St NW,Washington, DC 20007",38.906733,-77.063918,Washington
"100 E St SE,Washington, DC 20003",38.82652,-77.01712,Washington
"2500 Georgia Ave NW,Washington, DC 20001",38.922712,-77.022585,Washington
"3265 S St NW,Washington, DC 20007",38.915798,-77.066806,Washington
"31st &amp; R St Nw,Washington, DC 20057",38.82652,-77.01712,Washington
"1829 Summit Pl NW,Washington, DC 20009",38.92678,-77.042315,Washington
"355 Water St SE,Washington, DC 20003",38.873526,-77.001099,Washington
"351 N Glebe Rd,Arlington, VA 22203",38.875113,-77.105842,ArlingtonVA
"2845 Marcey Rd,Arlington, VA 22207",38.914941,-77.10859,ArlingtonVA
"9th S Irving St,Arlington, VA 22204",38.864458,-77.099638,ArlingtonVA
"300 N Park Dr,Arlington, VA 22203",38.873402,-77.113987,ArlingtonVA
"499 N Wakefield St,Arlington, VA 22203",38.875824,-77.114509,ArlingtonVA
"200 N Columbus St,Arlington, VA 22203",38.870252,-77.117218,ArlingtonVA
"4821 1st St N,Arlington, VA 22203",38.867673,-77.117476,ArlingtonVA
"775 N George Mason Dr,Arlington, VA 22203",38.864458,-77.099638,Washington
"4200 S Four Mile Run Dr,Arlington, VA 22206",38.850501,-77.10195,Washington
"1606 N Quincy St,Arlington, VA 22207",38.864458,-77.099638,Washington
"1800 N Highland St,Arlington, VA 22201",38.893499,-77.094728,Washington
"2100 Clarendon Blvd Ste 414,Arlington, VA 22201",38.890487,-77.085343,Washington
"2021 N Nelson St,Arlington, VA 22207",38.895587,-77.105099,Washington
"850 N Lexington St,Arlington, VA 22205",38.8756,-77.133118,Alexandria
"2601 S Arlington Mill Dr,Arlington, VA 22206",38.844892,-77.09428,Washington
"601 N Manchester St,Arlington, VA 22203",38.873528,-77.133927,Washington
"3700 S Four Mile Run Dr,Arlington, VA 22206",38.844448,-77.089135,Washington
"1501 Wilson Blvd,Arlington, VA 22209",38.895177,-77.07411,ArlingtonVA
"2220 N Scott St,Arlington, VA 22209",38.900264,-77.081983,ArlingtonVA
"1449 28th St S,Arlington, VA 22206",38.848363,-77.071566,Washington
"1101 Wilson Blvd,Arlington, VA 22209",38.895436,-77.069857,Washington
"1911 Fort Myer Dr  Ll-10,Arlington, VA 22209",38.897844,-77.072016,Washington
"475 Long Bridge Dr,Arlington, VA 22202",38.86608,-77.048328,Washington
"3510 N Utah St,Arlington, VA 22207Arlington, VA 22209",38.916746,-77.124293,Washington
"6060 Wilson Blvd,Arlington, VA 22205",38.87164,-77.143787,Washington
"1505 28th St S,Arlington, VA 22206",38.847991,-77.07278,Washington
"301 S Harrison St,Arlington, VA 22204",38.863986,-77.119099,ArlingtonVA
"1230 N Hartford St,Arlington, VA 22201",38.888591,-77.096114,Washington
"George Washington Parkway,Arlington, VA 22202",38.864458,-77.099638,Washington
"972 Ohio Dr SW,Washington, DC 20024",38.874623,-77.026754,Washington
"1200 G St NW Ste 650,Washington, DC 20005",38.898052,-77.028501,Alexandria
"3701 Lockheed Blvd,Alexandria, VA 22306",38.756674,-77.098375,Washington
"705 King St Ste 100,Alexandria, VA 22314",38.805216,-77.047322,ArlingtonVA
"2437 15th St NW,Washington, DC 20009",38.922489,-77.034923,Washington
"6601 Telegraph Rd,Alexandria, VA 22310",38.773886,-77.107168,ArlingtonVA
"5200 Glover Rd NW,Washington, DC 20015",38.959964,-77.051686,Washington
"7901 Meadowbrook Ln,Chevy Chase, MD 20815",38.98666,-77.061588,ArlingtonVA
"4700 Norwood Dr,Chevy Chase, MD 20815",38.975624,-77.093074,Washington
"8060 Newell St,Silver Spring, MD 20910",38.989685,-77.029037,Washington
"121 N Fairfax St,Alexandria, VA 22314",38.805199,-77.041964,ArlingtonVA
"5601 Connecticut Ave NW,Washington, DC 20015",38.965166,-77.075111,Washington
"7035 Blair Rd NW,Washington, DC 20012",38.975634,-77.018823,Washington
"1480 Girard St NW,Washington, DC 20009",38.925154,-77.035054,Alexandria
"3545 Williamsburg Ln NW,Washington, DC 20008",38.935967,-77.049989,Washington
"400 Michigan Ave NE,Washington, DC 20017",38.933438,-77.00064,Alexandria
"355 Water St SE,Washington, DC 20003",38.873526,-77.001099,ArlingtonVA
"501 S Union St,Alexandria, VA 22314",38.799347,-77.041503,ArlingtonVA
"900 Jesup Blair Dr,Silver Spring, MD 20910",38.983802,-77.021083,ArlingtonVA
"8531 Old Courthouse Rd,Vienna, VA 22182",38.916692,-77.241325,ArlingtonVA
"1743 Lincoln Rd NE,Washington, DC 20002",38.913993,-77.00787,Washington
"416 Kenyon St NW,Washington, DC 20010",38.930366,-77.018355,Alexandria
"640 10th St NE,Washington, DC 20002",38.898602,-76.993169,ArlingtonVA
"7500 Accotink Park Rd,Springfield, VA 22150",38.792377,-77.204033,ArlingtonVA
"777 6th St NW Ste 700,Washington, DC 20001",38.899496,-77.019645,ArlingtonVA
"1108 Jefferson St,Alexandria, VA 22314",38.79744,-77.053618,ArlingtonVA
"262 Cedar Ln SE,Vienna, VA 22180",38.887473,-77.243646,ArlingtonVA
"600 N Henry St,Alexandria, VA 22314",38.811522,-77.050311,ArlingtonVA
"1673 11th Pl NE,Washington, DC 20002",38.82652,-77.01712,ArlingtonVA
"501 Riggs Rd NE,Washington, DC 20011",38.95998,-76.999885,ArlingtonVA
"Haines Pt,Washington, DC 20042",38.82652,-77.01712,Washington
"7900 Heritage Dr,Annandale, VA 22003",38.824953,-77.212112,ArlingtonVA
"8th &amp; Taylor St Nw,Washington, DC 20011",38.82652,-77.01712,ArlingtonVA
"575 Oklahoma Ave NE,Washington, DC 20002",38.896458,-76.969359,ArlingtonVA
"6363 Walker Ln,Alexandria, VA 22310",38.768934,-77.157085,Washington
"6359 Walker Ln,Alexandria, VA 22310",38.76894,-77.158735,ArlingtonVA
"4960 Battery Ln,Bethesda, MD 20814",38.99172,-77.100297,ArlingtonVA
"6960 Maple St NW,Washington, DC 20012",38.974582,-77.015291,ArlingtonVA
"7401 Bock Rd,Fort Washington, MD 20744",38.788432,-76.971188,ArlingtonVA
"4701 31st Pl,Mount Rainier, MD 20712",38.947479,-76.965639,ArlingtonVA
"8100 Braddock Rd,Annandale, VA 22003",38.816319,-77.223855,ArlingtonVA
"8415 Toll House Rd,Annandale, VA 22003",38.825572,-77.235864,ArlingtonVA
"100 Joliet St SW,Washington, DC 20032",38.818898,-77.010164,Washington
"7007 Bock Rd,Fort Washington, MD 20744",38.791616,-76.975129,Washington
"6122 Sargent Rd,Hyattsville, MD 20782",38.959438,-76.954819,Alexandria
"1108 Jefferson St,Alexandria, VA 22314",38.79744,-77.053618,Washington
"6601 Telegraph Rd,Alexandria, VA 22310",38.773886,-77.107168,Alexandria
"600 N Henry St,Alexandria, VA 22314",38.811522,-77.050311,Alexandria
"8115 Fordson Rd,Alexandria, VA 22306",38.736702,-77.083126,Alexandria
"805 King St,Alexandria, VA 22314",38.805353,-77.048399,Alexandria
"523 Wilkes St,Alexandria, VA 22314",38.800425,-77.046382,Alexandria
"501 S Union St,Alexandria, VA 22314",38.799347,-77.041503,Alexandria
"650 Potomac Ave,Alexandria, VA 22301",38.822859,-77.049084,Washington
"4800 Brenman Park Dr,Alexandria, VA 22304",38.809447,-77.113287,Washington
"5750 Sanger Ave,Alexandria, VA 22311",38.827862,-77.131973,ArlingtonVA
"4710 N Chambliss St,Alexandria, VA 22312",38.82114,-77.143615,Washington
"6363 Walker Ln,Alexandria, VA 22310",38.768934,-77.157085,ArlingtonVA
"6359 Walker Ln,Alexandria, VA 22310",38.76894,-77.158735,Alexandria
"4710 Mount Vernon Memorial Hwy,Alexandria, VA 22309",38.709401,-77.115334,Washington
"3701 Lockheed Blvd,Alexandria, VA 22306",38.756674,-77.098375,Washington
"121 N Fairfax St,Alexandria, VA 22314",38.805199,-77.041964,Washington
"4001 Eisenhower Ave,Alexandria, VA 22304",38.804812,-77.101475,Washington
"5514 Mount Vernon Memorial Hwy,Alexandria, VA 22309",38.713337,-77.130167,Washington
"4603 Green Spring Rd,Alexandria, VA 22312",38.824942,-77.156429,Alexandria
"705 King St Ste 100,Alexandria, VA 22314",38.805216,-77.047322,ArlingtonVA
"Martin Luther King Jr Ave Sw &amp; Elmira St Sw,Washington, DC 20032",38.82652,-77.01712,Alexandria
"1449 28th St S,Arlington, VA 22206",38.848363,-77.071566,Washington
"3700 S Four Mile Run Dr,Arlington, VA 22206",38.844448,-77.089135,Washington
"2601 S Arlington Mill Dr,Arlington, VA 22206",38.844892,-77.09428,Washington
"1200 Mississippi Ave SE,Washington, DC 20032",38.839932,-76.989519,Washington
"475 Long Bridge Dr,Arlington, VA 22202",38.86608,-77.048328,Washington
"100 Joliet St SW,Washington, DC 20032",38.818898,-77.010164,Alexandria
"7007 Bock Rd,Fort Washington, MD 20744",38.791616,-76.975129,Washington
"1505 28th St S,Arlington, VA 22206",38.847991,-77.07278,Washington
"6901 Oxon Hill Rd,Oxon Hill, MD 20745",38.795582,-77.003768,Washington
"1101 Marcy Ave,Oxon Hill, MD 20745",38.816321,-76.989334,Washington
"George Washington Parkway,Arlington, VA 22202",38.864458,-77.099638,ArlingtonVA
"611 Alabama Ave SE,Washington, DC 20032",38.842264,-76.996849,Washington
"351 N Glebe Rd,Arlington, VA 22203",38.875113,-77.105842,ArlingtonVA
"900 Ohio Dr SW,Washington, DC 20024",38.881174,-77.032379,ArlingtonVA
"777 6th St NW Ste 700,Washington, DC 20001",38.899496,-77.019645,Washington
"2845 Marcey Rd,Arlington, VA 22207",38.914941,-77.10859,Washington
"7401 Bock Rd,Fort Washington, MD 20744",38.788432,-76.971188,Washington
"4200 S Four Mile Run Dr,Arlington, VA 22206",38.850501,-77.10195,Washington
"1100 Ohio Dr SW,Washington, DC 20242",38.876402,-77.034186,Alexandria
"9th S Irving St,Arlington, VA 22204",38.864458,-77.099638,Alexandria
"355 Water St SE,Washington, DC 20003",38.873526,-77.001099,Alexandria
"4821 1st St N,Arlington, VA 22203",38.867673,-77.117476,Washington
"100 E St SE,Washington, DC 20003",38.82652,-77.01712,Washington
"364 Independence Ave SW,Washington, DC 20024",38.82652,-77.01712,ArlingtonVA
"200 N Columbus St,Arlington, VA 22203",38.870252,-77.117218,Washington
"300 N Park Dr,Arlington, VA 22203",38.873402,-77.113987,Alexandria
"5300 Temple Hill Rd,Temple Hills, MD 20748",38.814345,-76.936772,Alexandria
"499 N Wakefield St,Arlington, VA 22203",38.875824,-77.114509,Alexandria
"1450 Pennsylvania Ave NW,Washington, DC 20004",38.895139,-77.032802,Alexandria
"2100 Clarendon Blvd Ste 414,Arlington, VA 22201",38.890487,-77.085343,Alexandria
"1101 Wilson Blvd,Arlington, VA 22209",38.895436,-77.069857,Alexandria
"1501 Wilson Blvd,Arlington, VA 22209",38.895177,-77.07411,Alexandria
"13551 Fort Washington Rd,Fort Washington, MD 20744",38.712614,-77.033159,Alexandria
"1725 I St Nw,Washington, DC 20037",38.901642,-77.04034,Alexandria
"1911 Fort Myer Dr  Ll-10,Arlington, VA 22209",38.897844,-77.072016,Alexandria
"775 N George Mason Dr,Arlington, VA 22203",38.864458,-77.099638,Alexandria
"1800 N Highland St,Arlington, VA 22201",38.893499,-77.094728,Alexandria
"3000 K St Nw  By The Potomac River,Washington Dc, DC 20007",38.82652,-77.01712,Alexandria
"601 N Manchester St,Arlington, VA 22203",38.873528,-77.133927,Alexandria
"2220 N Scott St,Arlington, VA 22209",38.900264,-77.081983,Washington
"850 N Lexington St,Arlington, VA 22205",38.8756,-77.133118,Alexandria
"1606 N Quincy St,Arlington, VA 22207",38.864458,-77.099638,Alexandria
