,shopping,latitude,longitude,City
0,"7660 Beverly Blvd,Los Angeles, CA 90036",34.075952,-118.356676,Los Angeles
1,"10250 Santa Monica Boulevard,Los Angeles, CA 90067",34.059485,-118.420449,Los Angeles
2,"8500 Beverly Blvd,Los Angeles, CA 90048",34.075868,-118.377544,Los Angeles
3,"2035 Hillhurst Ave,Los Angeles, CA 90027",34.108647,-118.287588,Los Angeles
4,"2738 Hyperion Ave,Los Angeles, CA 90027",34.107669,-118.271787,Los Angeles
5,"3760 S Centinela Ave,Los Angeles, CA 90066",34.004695,-118.434122,Los Angeles
6,"6350 W 3rd St,Los Angeles, CA 90036",34.07127,-118.36061,Los Angeles
7,"1751 Westwood Blvd,Los Angeles, CA 90024",34.050893,-118.438209,Los Angeles
8,"2716 N San Fernando Rd,Los Angeles, CA 90065",34.109702,-118.242719,Los Angeles
9,"1601 N Vermont Ave,Los Angeles, CA 90027",34.100305,-118.292076,Los Angeles
10,"5455 Hollywood Blvd,Los Angeles, CA 90027",34.101934,-118.308808,Los Angeles
11,"5080 Obama Blvd,Los Angeles, CA 90016",34.05513,-118.25703,Los Angeles
12,"317 S Broadway Ste 35,Los Angeles, CA 90013",34.050659,-118.248526,Los Angeles
13,"5423 W Pico Blvd,Los Angeles, CA 90019Los Angeles, CA 90012",34.04873,-118.35642,Los Angeles
14,"621 S Western Ave Ste 107,Los Angeles, CA 90005",34.0628,-118.30928,Los Angeles
15,"4520 W Sunset Blvd,Los Angeles, CA 90027",34.097896,-118.288002,Los Angeles
16,"2925 Division St,Los Angeles, CA 90065",34.103247,-118.23559,Los Angeles
17,"1115 N Alvarado St,Los Angeles, CA 90026",34.07806,-118.26338,Los Angeles
18,"3293 Fletcher Dr,Los Angeles, CA 90065",34.118022,-118.241648,Los Angeles
19,"2900 Hyperion Ave,Los Angeles, CA 90027",34.109326,-118.271045,Los Angeles
20,"4140 Crenshaw Blvd,Los Angeles, CA 90008",34.0089,-118.33489,Los Angeles
21,"1007 Cypress Ave,Los Angeles, CA 90065",34.093578,-118.225354,Los Angeles
22,"7316 Compton Ave,Los Angeles, CA 90001",33.973423,-118.247467,Los Angeles
23,"11840 Wilmington Ave,Los Angeles, CA 90059",33.925627,-118.236835,Los Angeles
24,"4632 Santa Monica Blvd,Los Angeles, CA 90029",34.090729,-118.290407,Los Angeles
25,"255 S Hill St,Los Angeles, CA 90012",34.05197,-118.24904,Los Angeles
26,"114 Japanese Village Plaza Mall,Los Angeles, CA 90012",34.049018,-118.239733,Los Angeles
27,"1524 S Flower St,Los Angeles, CA 90015",34.036993,-118.268543,Los Angeles
28,"304 S Los Angeles St,Los Angeles, CA 90013",34.04822,-118.244806,Los Angeles
29,"5817 N Figueroa St,Los Angeles, CA 90042",34.110509,-118.191295,Los Angeles
30,"1601 E Imperial Hwy Ste 103B,Los Angeles, CA 90059",34.05513,-118.25703,Los Angeles
31,"606 E 1st St,Los Angeles, CA 90012",34.04863,-118.236806,Los Angeles
32,"425 E. 7th St,los angeles, CA 90014",34.041563,-118.247727,Los Angeles
33,"221 W 8th St,Los Angeles, CA 90014",34.043551,-118.254145,Los Angeles
34,"1803 N Main St,Los Angeles, CA 90031",34.066841,-118.221181,Los Angeles
35,"1101 E Washington Blvd,Los Angeles, CA 90021",34.02548,-118.25222,Los Angeles
36,"1549 Echo Park Ave,Los Angeles, CA 90026",34.081244,-118.254762,Los Angeles
37,"3455 City Terrace Dr,Los Angeles, CA 90063",34.052541,-118.188865,Los Angeles
38,"4920 Santa Monica Blvd,Los Angeles, CA 90029",34.090644,-118.296819,Los Angeles
39,"4907 Maplewood Ave,Los Angeles, CA 90004",34.080438,-118.309594,Los Angeles
40,"726 W Slauson Ave,Los Angeles, CA 90044",33.989003,-118.286659,Los Angeles
41,"6333 S Broadway,Los Angeles, CA 90003",33.981597,-118.278504,Los Angeles
42,"5702 York Blvd,Los Angeles, CA 90042",34.118664,-118.193499,Los Angeles
43,"10817 Venice Blvd,Los Angeles, CA 90034",34.017542,-118.409564,Los Angeles
44,"12121 W Pico Blvd,Los Angeles, CA 90064",34.02928,-118.45083,Los Angeles
45,"12146 Santa Monica Blvd,Los Angeles, CA 90025",34.05513,-118.25703,Los Angeles
46,"5507 Hollywood Blvd,Los Angeles, CA 90028",34.101884,-118.309754,Los Angeles
47,"10830 W Pico Blvd,Los Angeles, CA 90064",34.04012,-118.428076,Los Angeles
48,"3824 Beverly Blvd,Los Angeles, CA 90004",34.076159,-118.292646,Los Angeles
49,"3732 W 3rd St,Los Angeles, CA 90020",34.06888,-118.297434,Los Angeles
50,"868 N Virgil Ave,Los Angeles, CA 90029",34.087392,-118.286703,Los Angeles
51,"4350 Melrose Ave,Los Angeles, CA 90029",34.083449,-118.295573,Los Angeles
52,"4803 Melrose Ave,Los Angeles, CA 90029",34.083673,-118.305331,Los Angeles
53,"212 E 8th St,Los Angeles, CA 90014",34.041393,-118.252036,Los Angeles
54,"3255 Beverly Blvd,Los Angeles, CA 90057",34.072861,-118.284216,Los Angeles
55,"121 W Ann St,Los Angeles, CA 90012",34.065493,-118.231747,Los Angeles
56,"310 S Berendo St,Los Angeles, CA 90020",34.068587,-118.293972,Los Angeles
57,"304 N Vermont Ave,Los Angeles, CA 90004",34.07658,-118.29148,Los Angeles
58,"3500 W 6th St,Los Angeles, CA 90020",34.063462,-118.298488,Los Angeles
59,"8489 W 3rd St,Los Angeles, CA 90048",34.07345,-118.37542,Los Angeles
60,"6298 W 3rd St,Los Angeles, CA 90036",34.070944,-118.358827,Los Angeles
61,"2377 W Pico Blvd,Los Angeles, CA 90006",34.047417,-118.288401,Los Angeles
62,"3461 W 3rd St,Los Angeles, CA 90020",34.06921,-118.29112,Los Angeles
63,"3600 E Cesar E Chavez Ave,Los Angeles, CA 90063",34.040336,-118.186846,Los Angeles
64,"4901 Santa Monica Blvd,Los Angeles, CA 90029",34.091006,-118.296678,Los Angeles
65,"3975 Wilshire Blvd,Los Angeles, CA 90010",34.061861,-118.313697,Los Angeles
66,"4910 Huntington Dr S,Los Angeles, CA 90032",34.086683,-118.176281,Los Angeles
67,"5429 Hollywood Blvd,Los Angeles, CA 90027",34.101958,-118.30787,Los Angeles
68,"1820 W Slauson Ave,Los Angeles, CA 90047",33.98794,-118.31101,Los Angeles
69,"7311 N Figueroa St,Los Angeles, CA 90041",34.136283,-118.188429,Los Angeles
70,"3330 W Florence Ave,Los Angeles, CA 90043",33.97436,-118.33051,Los Angeles
71,"3450 Overland Ave,Los Angeles, CA 90034",34.025125,-118.411677,Los Angeles
72,"8645 S Sepulveda Blvd,Los Angeles, CA 90045",33.95857,-118.39645,Los Angeles
73,"6571 W 80th St,Los Angeles, CA 90045",33.96914,-118.40562,Los Angeles
74,"333 S Alameda St,Los Angeles, CA 90013",34.04448,-118.23824,Los Angeles
75,"3723 W 3rd St,Los Angeles, CA 90020",34.06917,-118.29732,Los Angeles
76,"4312 Wall St,Los Angeles, CA 90011",34.00531,-118.27148,Los Angeles
77,"4757 Melrose Ave,Los Angeles, CA 90029",34.083645,-118.304455,Los Angeles
78,"3566 S Western Ave,Los Angeles, CA 90018",34.023246,-118.308729,Los Angeles
79,"5244 Santa Monica Blvd,Los Angeles, CA 90029",34.090659,-118.30491,Los Angeles
80,"904 N Western Ave,Los Angeles, CA 90029",34.086438,-118.308957,Los Angeles
81,"5315 Santa Monica Blvd,Los Angeles, CA 90029",34.090932,-118.305218,Los Angeles
82,"672 S Cloverdale Ave,Los Angeles, CA 90036",34.05513,-118.25703,Los Angeles
83,"1815 N Cahuenga Blvd,Los Angeles, CA 90028",34.10446,-118.33026,Los Angeles
84,"7825 Beverly Blvd,Los Angeles, CA 90036",34.076273,-118.360717,Los Angeles
85,"8500 Burton Way,Los Angeles, CA 90048",34.071018,-118.376669,Los Angeles
86,"10425 S Normandie Ave,Los Angeles, CA 90044",33.941487,-118.300522,Los Angeles
87,"11507 S Western Ave,Los Angeles, CA 90047",33.929643,-118.30971,Los Angeles
88,"625 E El Segundo Blvd,Los Angeles, CA 90059",33.916886,-118.264361,Los Angeles
89,"620 E El Segundo Blvd,Los Angeles, CA 90059",33.915698,-118.26464,Los Angeles
90,"5744 W Manchester Ave,Los Angeles, CA 90045",33.95971,-118.38187,Los Angeles
91,"10840 National Blvd,Los Angeles, CA 90064",34.03013,-118.42141,Los Angeles
92,"420 S Alvarado St,Los Angeles, CA 90057",34.060763,-118.273879,Los Angeles
93,"7060 W Sunset Blvd,Los Angeles, CA 90028",34.0978,-118.34355,Los Angeles
94,"3033 S Sepulveda Blvd,Los Angeles, CA 90034",34.026568,-118.428257,Los Angeles
95,"1241 W Washington Blvd,Los Angeles, CA 90007",34.04006,-118.28386,Los Angeles
96,"2600 S Vermont Ave,Los Angeles, CA 90007",34.03252,-118.29135,Los Angeles
97,"670 S Western Ave,Los Angeles, CA 90005",34.06027,-118.30891,Los Angeles
98,"5100 N Figueroa St,Los Angeles, CA 90042",34.10543,-118.200843,Los Angeles
99,"1515 Westwood Blvd,Los Angeles, CA 90024",34.053647,-118.440584,Los Angeles
100,"3924 W 3rd St,Los Angeles, CA 90020",34.068873,-118.299945,Los Angeles
101,"663 N Heliotrope Dr,Los Angeles, CA 90004",34.083115,-118.295461,Los Angeles
102,"4550 W Pico Blvd,Los Angeles, CA 90019",34.04842,-118.33486,Los Angeles
103,"401 E 6th St,Los Angeles, CA 90014",34.04285,-118.24588,Los Angeles
104,"1455 W Sunset Blvd,Los Angeles, CA 90026",34.07533,-118.25356,Los Angeles
105,"2913 N Broadway,Los Angeles, CA 90031",34.073865,-118.211026,Los Angeles
106,"3601 W 3rd St,Los Angeles, CA 90020",34.06918,-118.29441,Los Angeles
107,"2466 Riverside Dr,Los Angeles, CA 90039",34.105697,-118.25655,Los Angeles
108,"5070 Hollywood Blvd,Los Angeles, CA 90027",34.101626,-118.300181,Los Angeles
109,"5250 York Blvd,Los Angeles, CA 90042",34.120138,-118.201019,Los Angeles
110,"100 N La Cienega Blvd,Los Angeles, CA 90048",34.074681,-118.37632,Los Angeles
111,"3000 N Broadway,Los Angeles, CA 90031",34.07356,-118.210097,Los Angeles
112,"1730 W Manchester Ave,Los Angeles, CA 90047",33.9598,-118.3078,Los Angeles
113,"1501 E 23rd St,Los Angeles, CA 90011",34.01809,-118.24853,Los Angeles
114,"5101 Santa Monica Blvd,Los Angeles, CA 90029",34.090984,-118.300733,Los Angeles
115,"2619 N Figueroa St,Los Angeles, CA 90065",34.08438,-118.22201,Los Angeles
116,"12057 Wilshire Blvd,Los Angeles, CA 90025",34.044895,-118.466772,Los Angeles
117,"3278 Cahuenga Blvd W,Los Angeles, CA 90068",34.13011,-118.34934,Los Angeles
118,"4360 S Figueroa St,Los Angeles, CA 90037",34.004222,-118.282474,Los Angeles
119,"1839 S La Cienega Blvd,Los Angeles, CA 90035",34.043224,-118.376695,Los Angeles
120,"8985 Venice Blvd,Los Angeles, CA 90034",34.027346,-118.392411,Los Angeles
121,"544 S Broadway,Los Angeles, CA 90013",34.04695,-118.25148,Los Angeles
122,"1401 N Main St,Los Angeles, CA 90012",34.064981,-118.231303,Los Angeles
123,"2310 Pasadena Ave Ste 108,Los Angeles, CA 90031",34.075728,-118.217309,Los Angeles
124,"1144 N Euclid St Apt 1,Anaheim, CA 92801",33.849109,-117.939794,Anaheim
125,"5759 E Santa Ana Canyon Rd,Anaheim, CA 92807",33.853153,-117.78834,Anaheim
126,"3430 W Lincoln Ave,Anaheim, CA 92801",33.831293,-118.009781,Anaheim
127,"5755 E La Palma Ave,Anaheim, CA 92807",33.860869,-117.787945,Anaheim
128,"1616 W Katella Ave,Anaheim, CA 92802",33.802068,-117.937721,Anaheim
129,"711 S Weir Canyon Rd,Anaheim, CA 92808",33.861533,-117.740015,Anaheim
130,"5765 E La Palma Ave,Anaheim, CA 92807",33.860396,-117.787728,Anaheim
131,"5745 E Santa Ana Canyon Rd,Anaheim, CA 92807",33.852092,-117.788409,Anaheim
132,"10500 Magnolia Ave,Anaheim, CA 92804",33.82415,-117.897707,Anaheim
133,"1500 S Euclid St,Anaheim, CA 92802",33.810353,-117.940875,Anaheim
134,"1021 N State College Blvd,Anaheim, CA 92806",33.848163,-117.890374,Anaheim
135,"1670 W Katella Ave,Anaheim, CA 92802",33.802031,-117.940187,Anaheim
136,"103 N Brookhurst St,Anaheim, CA 92801",33.832863,-117.959494,Anaheim
137,"2750 E Regal Park Dr,Anaheim, CA 92806",33.853093,-117.873256,Anaheim
138,"1086 N State College Blvd,Anaheim, CA 92806",33.848726,-117.88821,Anaheim
139,"1400 S Harbor Blvd,Fullerton, CA 92832",33.857342,-117.923391,Anaheim
140,"121 N Beach Blvd,Anaheim, CA 92801",33.833358,-117.994742,Anaheim
141,"586 N Euclid St,Anaheim, CA 92801",33.839416,-117.94014,Anaheim
142,"2270 E Lincoln Ave,Anaheim, CA 92806",33.83791,-117.884867,Anaheim
143,"275 S Euclid St,Anaheim, CA 92802",33.829184,-117.942719,Anaheim
144,"6509 E serrano ave,Anaheim, CA 92807",33.831713,-117.759743,Anaheim
145,"560 N Euclid St,Anaheim, CA 92801",33.839045,-117.941436,Anaheim
146,"4925 E Hunter Ave,Anaheim, CA 92807",33.864868,-117.809977,Anaheim
147,"130 W Lincoln Ave,Anaheim, CA 92805",33.835123,-117.914735,Anaheim
148,"722 N Anaheim Blvd,Anaheim, CA 92805",33.84293,-117.916137,Anaheim
149,"2030 E Lincoln Ave,Anaheim, CA 92806",33.837563,-117.888559,Anaheim
150,"651 N Euclid St,Anaheim, CA 92801",33.841125,-117.943627,Anaheim
151,"2791 E Lincoln Ave,Anaheim, CA 92806",33.837586,-117.872137,Anaheim
152,"530 N Brookhurst St,Anaheim, CA 92801",33.839438,-117.958611,Anaheim
153,"1000 N State College Blvd,Anaheim, CA 92806",33.84759,-117.888761,Anaheim
154,"946 S Brookhurst St,Anaheim, CA 92804",33.818474,-117.958544,Anaheim
155,"2771 W Lincoln Ave,Anaheim, CA 92801",33.832456,-117.983377,Anaheim
156,"1216 S Magnolia Ave,Anaheim, CA 92804",33.816817,-117.974398,Anaheim
157,"10502 Magnolia Ave,Anaheim, CA 92804",33.809924,-117.975266,Anaheim
158,"915 S Brookhurst St,Anaheim, CA 92804",33.819471,-117.960056,Anaheim
159,"910 S Euclid St,Anaheim, CA 92802",33.819552,-117.94067,Anaheim
160,"1131 N State College Blvd,Anaheim, CA 92806",33.849499,-117.890381,Anaheim
161,"407 E North St,Anaheim, CA 92805",33.845362,-117.912729,Anaheim
162,"715 N Loara St,Anaheim, CA 92801",33.841774,-117.93763,Anaheim
163,"318 N Brookhurst St,Anaheim, CA 92801",33.836127,-117.958544,Anaheim
164,"1199 N Euclid St,Anaheim, CA 92801",33.850445,-117.942069,Anaheim
165,"1265 N Kraemer Blvd,Anaheim, CA 92806",33.856758,-117.859822,Anaheim
166,"2950 W Ball Rd,Anaheim, CA 92804",33.816915,-117.991459,Anaheim
167,"704 N Valley St Ste J,Anaheim, CA 92801",33.841294,-117.954474,Anaheim
168,"1011 N Tustin Ave,Anaheim, CA 92807",33.852724,-117.838606,Anaheim
169,"1226 S Magnolia Ave,Anaheim, CA 92804",33.816248,-117.974367,Anaheim
170,"222 S Euclid St,Anaheim, CA 92802",33.830489,-117.940876,Anaheim
171,"1238 S Magnolia Ave,Anaheim, CA 92804",33.815673,-117.974341,Anaheim
172,"1749 W La Palma Ave,Anaheim, CA 92801",33.847415,-117.943765,Anaheim
173,"419 S Brookhurst St,Anaheim, CA 92804",33.827095,-117.959481,Anaheim
174,"2618 W La Palma Ave,Anaheim, CA 92801",33.846519,-117.977207,Anaheim
175,"630 N Euclid St,Anaheim, CA 92801",33.840359,-117.940153,Anaheim
176,"1200 N State College Blvd,Anaheim, CA 92806",33.85131,-117.888922,Anaheim
177,"810 S State College Blvd,Anaheim, CA 92806",33.831281,-117.888636,Anaheim
178,"2403 W Ball Rd,Anaheim, CA 92804",33.818042,-117.967874,Anaheim
179,"240 S Magnolia Ave,Anaheim, CA 92804",33.829023,-117.975482,Anaheim
180,"2585 W La Palma Ave,Anaheim, CA 92801",33.847191,-117.975725,Anaheim
181,"1701 N Kraemer Blvd,Anaheim, CA 92806",33.865178,-117.863061,Anaheim
182,"1201 N Magnolia Ave,Anaheim, CA 92801",33.851654,-117.977772,Anaheim
183,"8971 Katella Ave,Anaheim, CA 92804",33.803457,-117.97654,Anaheim
184,"2796 W Ball Rd,Anaheim, CA 92804",33.817081,-117.984328,Anaheim
185,"3020 W Lincoln Ave,Anaheim, CA 92801",33.831699,-117.994401,Anaheim
186,"3174 W Ball Rd,Anaheim, CA 92804",33.816972,-118.001624,Anaheim
187,"550 S Knott Ave,Anaheim, CA 92804",33.824857,-118.010355,Anaheim
188,"3450 W Ball Rd,Anaheim, CA 92804",33.816841,-118.010255,Anaheim
189,"1741 N Kellogg Dr,Anaheim, CA 92807",33.866002,-117.804987,Anaheim
190,"5600 E Santa Ana Canyon Rd,Anaheim, CA 92807",33.84989,-117.791572,Anaheim
191,"1447 S Harbor Blvd # D,Fullerton, CA 92832",33.884009,-117.935077,Anaheim
192,"1100 S Harbor Blvd,Fullerton, CA 92832",33.861399,-117.922672,Anaheim
193,"2251 W Ball Rd,Anaheim, CA 92804",33.818394,-117.961919,Anaheim
194,"137 Orangefair Mall,Fullerton, CA 92832",33.858282,-117.922687,Anaheim
195,"1048 N State College Blvd,Anaheim, CA 92806",33.847948,-117.887094,Anaheim
196,"1000 W Lincoln Ave,Anaheim, CA 92805",33.832395,-117.926078,Anaheim
197,"1721 W La Palma Ave,Anaheim, CA 92801",33.847415,-117.942625,Anaheim
198,"1021 N Moraga St,Anaheim, CA 92801",33.846429,-117.965457,Anaheim
199,"1739 S Claudina Way,Anaheim, CA 92805",33.805135,-117.901934,Anaheim
200,"10870 Katella Ave,Anaheim, CA 92804",33.801709,-117.942902,Anaheim
201,"9691 Rosebay St,Anaheim, CA 92804",33.822097,-117.964037,Anaheim
202,"2323 S Manchester Ave,Anaheim, CA 92802",33.793713,-117.893936,Anaheim
203,"9551 Harle Ave,Anaheim, CA 92804",33.809845,-117.966594,Anaheim
204,"4002 E Horseshoe Ln,Anaheim, CA 92807",33.845303,-117.831087,Anaheim
205,"3170 W Lincoln Ave # 176,Anaheim, CA 92801",33.82415,-117.897707,Anaheim
206,"5433 E La Palma Ave,Anaheim, CA 92807",33.861333,-117.796956,Anaheim
207,"8018 E Santa Ana Canyon Rd,Anaheim, CA 92808",33.866741,-117.75131,Anaheim
208,"609 N Olive St,Anaheim, CA 92805",33.841975,-117.912219,Anaheim
209,"500 S Citron St,Anaheim, CA 92805",33.828879,-117.921604,Long Beach
210,"500 N East St,Anaheim, CA 92805",33.842802,-117.903444,Anaheim
211,"859 S Harbor Blvd,Anaheim, CA 92805",33.823616,-117.9164,Anaheim
212,"1425 E Lincoln Ave,Anaheim, CA 92805",33.839343,-117.898247,Long Beach
213,"970 S Anaheim Blvd,Anaheim, CA 92805",33.821102,-117.908708,Anaheim
214,"1811 W La Palma Ave,Anaheim, CA 92801",33.847371,-117.945536,Anaheim
215,"944 S Nutwood St,Anaheim, CA 92804",33.818421,-117.949699,Anaheim
216,"1845 W Katella Ave,Anaheim, CA 92804",33.803539,-117.94805,Anaheim
217,"1863 W Katella Ave,Anaheim, CA 92804",33.803564,-117.948853,Anaheim
218,"1035 N Armando St,Anaheim, CA 92806",33.849141,-117.861384,Anaheim
219,"538 N Magnolia Ave,Anaheim, CA 92801",33.838819,-117.975519,Anaheim
220,"9562 Katella Ave,Anaheim, CA 92804",33.802724,-117.966547,Anaheim
221,"9041 Cerritos Ave,Anaheim, CA 92804",33.810606,-117.974865,Anaheim
222,"9029 Cerritos Ave,Anaheim, CA 92804",33.810665,-117.975088,Anaheim
223,"1217 S Western Ave,Anaheim, CA 92804",33.816568,-118.002392,Anaheim
224,"400 N Lakeview Ave,Anaheim, CA 92807",33.853143,-117.815535,Anaheim
225,"221 E Florence Ave,Anaheim, CA 92805",33.821855,-117.907138,Anaheim
226,"1150 N Harbor Blvd,Anaheim, CA 92801",33.850581,-117.923508,Anaheim
227,"1241 N East St,Anaheim, CA 92805",33.852836,-117.909665,Anaheim
228,"1200 S Harbor Blvd,Anaheim, CA 92805",33.817618,-117.914648,Anaheim
229,"135 W Ball Rd,Anaheim, CA 92805",33.818583,-117.910069,Anaheim
230,"1221 N Harbor Blvd,Anaheim, CA 92801",33.851549,-117.924533,Anaheim
231,"1606 E South St,Anaheim, CA 92805",33.830591,-117.893213,Anaheim
232,"1120 W La Palma Ave Ste 4,Anaheim, CA 92801",33.846736,-117.932642,Anaheim
233,"847 S State College Blvd,Anaheim, CA 92806",33.829893,-117.889656,Anaheim
234,"130 S Euclid St,Anaheim, CA 92802",33.82415,-117.897707,Long Beach
235,"2050 E Lincoln Ave,Anaheim, CA 92806",33.837699,-117.887823,Long Beach
236,"650 N Euclid St,Anaheim, CA 92801",33.840865,-117.940316,Anaheim
237,"2120 E Center St,Anaheim, CA 92806",33.841051,-117.887214,Anaheim
238,"1411 S Manchester Ave,Anaheim, CA 92802",33.812099,-117.913045,Anaheim
239,"1400 S Allec St,Anaheim, CA 92805",33.813485,-117.899478,Anaheim
240,"1151 N Euclid St Ste C,Anaheim, CA 92801",33.848639,-117.94259,Anaheim
241,"1763 W La Palma Ave,Anaheim, CA 92801",33.84741,-117.944404,Anaheim
242,"932 S Euclid St,Anaheim, CA 92802",33.818665,-117.940748,Anaheim
243,"2500 E Lincoln Ave,Anaheim, CA 92806",33.838102,-117.880124,Anaheim
244,"1827 W La Palma Ave,Anaheim, CA 92801",33.847386,-117.946199,Anaheim
245,"8111 E Wardlow Rd,Long Beach, CA 90808",33.818825,-118.070221,Long Beach
246,"3220 E Anaheim St,Long Beach, CA 90804",33.781672,-118.153509,Long Beach
247,"1701 Magnolia Ave,Long Beach, CA 90813",33.788057,-118.198315,Long Beach
248,"101 E Willow St,Long Beach, CA 90806",33.805316,-118.192328,Long Beach
249,"2038 E 10th St,Long Beach, CA 90804",33.778475,-118.167103,Long Beach
250,"2930 E 4th St,Long Beach, CA 90814",33.771437,-118.157298,Long Beach
251,"2080 N Bellflower Blvd,Long Beach, CA 90815",33.797395,-118.121307,Long Beach
252,"5324 Long Beach Blvd,Long Beach, CA 90805",33.852731,-118.195484,Long Beach
253,"2900 E Anaheim St,Long Beach, CA 90804",33.782305,-118.157636,Long Beach
254,"2222 N Bellflower Blvd,Long Beach, CA 90815",33.797395,-118.121307,Long Beach
255,"6820 Long Beach Blvd,Long Beach, CA 90805",33.878123,-118.203564,Long Beach
256,"1801 Ximeno Ave,Long Beach, CA 90815",33.790855,-118.139884,Long Beach
257,"2073 Pacific Ave,Long Beach, CA 90806",33.794834,-118.194069,Long Beach
258,"7420 Carson Blvd,Long Beach, CA 90808",33.826887,-118.085685,Long Beach
259,"4895 N Bellflower Blvd,Long Beach, CA 90808",33.846715,-118.125499,Long Beach
260,"4003 E Ocean Blvd,Long Beach, CA 90803",33.759894,-118.145568,Long Beach
261,"1500 W Willow St,Long Beach, CA 90810",33.803777,-118.212726,Long Beach
262,"3401 E Artesia Blvd,Long Beach, CA 90805",33.875482,-118.1523,Long Beach
263,"2238 N Bellflower Blvd,Long Beach, CA 90815",33.797395,-118.121307,Long Beach
264,"7480 Carson St.,Long Beach, CA 90808",33.797395,-118.121307,Long Beach
265,"2012 Long Beach Blvd,Long Beach, CA 90806",33.794561,-118.188744,Long Beach
266,"5545 E Stearns St,Long Beach, CA 90815",33.797395,-118.121307,Long Beach
267,"4580 Atlantic Ave,Long Beach, CA 90807",33.842188,-118.184132,Long Beach
268,"6274 E Pacific Coast Hwy,Long Beach, CA 90803",33.761779,-118.115957,Long Beach
269,"600 E Broadway,Long Beach, CA 90802",33.768923,-118.184342,Long Beach
270,"1033 Long Beach Blvd,Long Beach, CA 90813",33.779736,-118.189981,Long Beach
271,"998 E Anaheim St,Long Beach, CA 90813",33.782285,-118.180991,Long Beach
272,"2120 Pacific Ave,Long Beach, CA 90806",33.795799,-118.193146,Long Beach
273,"820 Carrack Ave,Long Beach, CA 90813",33.773503,-118.222324,Long Beach
274,"3210 E Anaheim St,Long Beach, CA 90804",33.781672,-118.153509,Long Beach
275,"6550 E Pacific Coast Hwy,Long Beach, CA 90803",33.754426,-118.108692,Long Beach
276,"6235 E Spring St,Long Beach, CA 90808",33.811155,-118.10996,Long Beach
277,"4700 Cherry Ave,Long Beach, CA 90807",33.845297,-118.166981,Long Beach
278,"6501 E Spring St,Long Beach, CA 90808",33.811121,-118.106371,Long Beach
279,"2232 Pine Ct,Carson, CA 90746",33.835289,-118.259285,Long Beach
280,"805 W Willow St,Long Beach, CA 90806",33.80469,-118.20155,Long Beach
281,"845 Pacific Ave,Long Beach, CA 90813",33.777374,-118.194128,Anaheim
282,"122 W Anaheim St,Long Beach, CA 90813",33.782324,-118.192918,Long Beach
283,"141 E Willow St,Long Beach, CA 90806",33.805671,-118.190179,Long Beach
284,"311 W Willow St,Long Beach, CA 90806",33.80463,-118.195111,Long Beach
285,"4102 Orange Ave,Long Beach, CA 90807",33.833069,-118.175717,Long Beach
286,"201 E Artesia Blvd,Long Beach, CA 90805",33.87457,-118.200358,Long Beach
287,"1840 E Artesia Blvd,Long Beach, CA 90805",33.874372,-118.17031,Long Beach
288,"3431 E Artesia Blvd,Long Beach, CA 90805",33.875482,-118.1523,Anaheim
289,"425 E Ocean Blvd,Long Beach, CA 90802",33.767024,-118.186904,Anaheim
290,"1262 Long Beach Blvd,Long Beach, CA 90813",33.782419,-118.188913,Long Beach
291,"340 W Pacific Coast Hwy,Long Beach, CA 90806",33.789594,-118.195978,Long Beach
292,"801 E Pacific Coast Hwy,Long Beach, CA 90806",33.790026,-118.18253,Anaheim
293,"2211 E Anaheim St,Long Beach, CA 90804",33.782885,-118.165149,Long Beach
294,"2201 Pacific Ave,Long Beach, CA 90806",33.797325,-118.194055,Long Beach
295,"3810 E 10th St,Long Beach, CA 90804",33.778817,-118.147775,Long Beach
296,"1600 Loma Ave,Long Beach, CA 90804",33.786815,-118.149907,Anaheim
297,"1410 W Willow St,Long Beach, CA 90810",33.804109,-118.211409,Long Beach
298,"2520 Santa Fe Ave,Long Beach, CA 90810",33.80269,-118.214863,Long Beach
299,"4360 E Stearns St,Long Beach, CA 90815",33.795789,-118.141721,Long Beach
300,"1850 W Wardlow Rd,Long Beach, CA 90810",33.824039,-118.217551,Long Beach
301,"359 E 52nd St,Long Beach, CA 90805",33.850706,-118.188624,Long Beach
302,"114 E Market St,Long Beach, CA 90805",33.854002,-118.193305,Long Beach
303,"905 E Market St,Long Beach, CA 90805",33.854495,-118.181678,Long Beach
304,"6405 Long Beach Blvd,Long Beach, CA 90805",33.870816,-118.202036,Long Beach
305,"3410 Long Beach Blvd,Long Beach, CA 90807",33.819526,-118.188916,Long Beach
306,"6290 E Pacific Coast Hwy,Long Beach, CA 90803",33.760067,-118.114621,Long Beach
307,"4200 Long Beach Blvd,Long Beach, CA 90807",33.834997,-118.189081,Long Beach
308,"2250 E Carson St,Long Beach, CA 90807",33.830685,-118.165091,Long Beach
309,"1785 Palo Verde Ave,Long Beach, CA 90815",33.788334,-118.108475,Long Beach
310,"1790 Palo Verde Ave,Long Beach, CA 90815",33.788217,-118.107489,Long Beach
311,"1190 N Studebaker Rd,Long Beach, CA 90815",33.781007,-118.102165,Long Beach
312,"4550 Atlantic Ave,Long Beach, CA 90807",33.841092,-118.182869,Long Beach
313,"4550 Orange Ave,Long Beach, CA 90807",33.84131,-118.175956,Long Beach
314,"5000 Long Beach Blvd,Long Beach, CA 90805",33.847096,-118.193589,Long Beach
315,"5400 Atlantic Ave,Long Beach, CA 90805",33.854659,-118.184622,Long Beach
316,"5450 Cherry Ave,Long Beach, CA 90805",33.855646,-118.167189,Long Beach
317,"2001 E South St,Long Beach, CA 90805",33.860476,-118.168155,Long Beach
318,"6151 Atlantic Ave,Long Beach, CA 90805",33.8668,-118.185603,Long Beach
319,"6598 Atlantic Ave,Long Beach, CA 90805",33.873948,-118.185763,Long Beach
320,"6598 Cherry Ave,Long Beach, CA 90805",33.874323,-118.168271,Long Beach
321,"6700 Cherry Ave,Long Beach, CA 90805",33.877328,-118.166902,Long Beach
322,"6760 Cherry Ave,Long Beach, CA 90805",33.878051,-118.168178,Long Beach
323,"301 E Artesia Blvd,Long Beach, CA 90805",33.874972,-118.19675,Long Beach
324,"6954 Atlantic Ave,Long Beach, CA 90805",33.881154,-118.186182,Long Beach
325,"1307 Long Beach Blvd,Long Beach, CA 90813",33.782985,-118.189831,Long Beach
326,"1166 E Pacific Coast Hwy,Long Beach, CA 90806",33.789686,-118.1771,Long Beach
327,"6420 E Pacific Coast Hwy,Long Beach, CA 90803",33.797395,-118.121307,Long Beach
328,"6390 E Willow St,Long Beach, CA 90815",33.802961,-118.108119,Long Beach
329,"5226 Orange Ave,Long Beach, CA 90805",33.850469,-118.176652,Long Beach
330,"335 Cedar Ave,Long Beach, CA 90802",33.771325,-118.195434,Long Beach
331,"458 Cedar Ave,Long Beach, CA 90802",33.772741,-118.194809,Long Beach
332,"401 Atlantic Ave,Long Beach, CA 90802",33.771959,-118.185356,Long Beach
333,"602 E Anaheim St,Long Beach, CA 90813",33.782283,-118.184692,Long Beach
334,"1014 E Pacific Coast Hwy,Long Beach, CA 90806",33.789549,-118.180373,Long Beach
335,"311 Redondo Ave,Long Beach, CA 90814",33.768515,-118.152747,Long Beach
336,"1820 Ximeno Ave,Long Beach, CA 90815",33.790283,-118.137399,Long Beach
337,"2011 E Spring St,Long Beach, CA 90806",33.797395,-118.121307,Long Beach
338,"5103 E Pacific Coast Hwy,Long Beach, CA 90804",33.783901,-118.13371,Long Beach
339,"6760 Cherry Ave,Long Beach, CA 90805Long Beach, CA 90802",33.766078,-118.168407,Long Beach
340,"1070 E Broadway,Long Beach, CA 90802",33.768517,-118.178872,Long Beach
341,"1165 E Anaheim St,Long Beach, CA 90813",33.782916,-118.177339,Los Angeles
342,"4210 Long Beach Blvd,Long Beach, CA 90807",33.835638,-118.188808,Anaheim
343,,,,Long Beach
344,,,,Long Beach
345,,,,Long Beach
346,,,,Long Beach
347,,,,Long Beach
348,,,,Long Beach
349,,,,Long Beach
350,,,,Long Beach
351,,,,Long Beach
352,,,,Long Beach
353,,,,Long Beach
354,,,,Long Beach
355,,,,Long Beach
356,,,,Long Beach
357,,,,Long Beach
358,,,,Long Beach
359,,,,Long Beach
360,,,,Long Beach
361,,,,Long Beach
362,,,,Long Beach
363,,,,Long Beach
364,,,,Long Beach
365,,,,Long Beach
366,,,,Long Beach
367,,,,Anaheim
368,,,,Long Beach
369,,,,Long Beach
370,,,,Anaheim
371,,,,Anaheim
372,,,,Anaheim
373,,,,Long Beach
374,,,,Long Beach
375,,,,Long Beach
376,,,,Long Beach
377,,,,Long Beach
378,,,,
379,"1919 E 71st St,Chicago, IL 60649",41.7659,-87.577613,Chicago
380,"2100 W 95th St,Chicago, IL 60643",41.721325,-87.674717,Chicago
381,"3604 W 59th St,Chicago, IL 60629",41.786353,-87.71383,Chicago
382,"7401 N Clark St,Chicago, IL 60626",42.016108,-87.674647,Chicago
383,"700 N Michigan Ave,Chicago, IL 60611",41.895331,-87.624933,Chicago
384,"835 N Michigan Ave Ste 3020,Chicago, IL 60611",41.897814,-87.622917,Chicago
385,"6451 W Diversey Ave,Chicago, IL 60707",41.930681,-87.787365,Chicago
386,"2140 N Elston Ave,Chicago, IL 60614",41.920474,-87.671801,Chicago
387,"51 E Oak St,Chicago, IL 60611",41.900519,-87.626308,Chicago
388,"3745 N Lincoln Ave,Chicago, IL 60613",41.950018,-87.675135,Chicago
389,"1900 W Lawrence Ave,Chicago, IL 60640",41.969079,-87.676969,Chicago
390,"414 N State St,Chicago, IL 60654",41.889796,-87.628197,Chicago
391,"4833 W Diversey Ave,Chicago, IL 60639",41.931267,-87.747838,Chicago
392,"2101 W Cermak Rd,Chicago, IL 60608",41.851887,-87.678931,Chicago
393,"1341 N Paulina St,Chicago, IL 60622",41.906535,-87.669461,Chicago
394,"5953 W 63rd St,Chicago, IL 60638",41.777546,-87.771048,Chicago
395,"30 W Huron St,Chicago, IL 60654",41.895012,-87.629097,Chicago
396,"1500 N Clybourn Ave Unit C104,Chicago, IL 60610",41.908427,-87.646589,Chicago
397,"6422 W 63rd St,Chicago, IL 60638",41.778334,-87.782204,Chicago
398,"6415 N Central Ave,Chicago, IL 60646",41.998087,-87.763077,Chicago
399,"3222 W 63rd St,Chicago, IL 60629",41.779253,-87.704239,Chicago
400,"2024 S Pulaski Rd,Chicago, IL 60623",41.853622,-87.725025,Chicago
401,"7340 S Ashland Ave,Chicago, IL 60636",41.760095,-87.664048,Chicago
402,"111 N Kedzie Ave,Chicago, IL 60612",41.883317,-87.705737,Chicago
403,"2657 S Kolin Ave,Chicago, IL 60623",41.842426,-87.732751,Chicago
404,"332 E 58th St,Chicago, IL 60637",41.789534,-87.617853,Chicago
405,"6316 S Ashland Ave,Chicago, IL 60636",41.778727,-87.664613,Chicago
406,"725 E 63rd St,Chicago, IL 60637",41.780277,-87.607371,Chicago
407,"3919 W North Ave,Chicago, IL 60647",41.909634,-87.724845,Chicago
408,"930 W Belmont Ave,Chicago, IL 60657",41.87897,-87.66063,Chicago
409,"3460 N Broadway St,Chicago, IL 60657",41.944911,-87.646613,Chicago
410,"8827 S Escanaba Ave,Chicago, IL 60617",41.734684,-87.553873,Chicago
411,"3220 N Harlem Ave,Chicago, IL 60634",41.938688,-87.807004,Chicago
412,"6421 N Western Ave,Chicago, IL 60645",41.998443,-87.689637,Chicago
413,"7601 S Cicero Ave,Chicago, IL 60652",41.755323,-87.740572,Chicago
414,"4628 W Diversey Ave,Chicago, IL 60639",41.933147,-87.742432,Chicago
415,"6107 S Archer Ave,Chicago, IL 60638",41.793839,-87.770304,Chicago
416,"4500 N Broadway St,Chicago, IL 60640",41.963795,-87.656869,Chicago
417,"101 E Chicago Ave,Chicago, IL 60611",41.896261,-87.625212,Chicago
418,"3448 E 118th St,Chicago, IL 60617",41.682168,-87.538913,Chicago
419,"1455 E 57th St,Chicago, IL 60637",41.791345,-87.58948,Chicago
420,"1300 E 47th St,Chicago, IL 60653",41.810069,-87.59514,Chicago
421,"2121 S Archer Ave,Chicago, IL 60616",41.853612,-87.63239,Chicago
422,"2550 W 26th St,Chicago, IL 60608",41.845095,-87.689988,Chicago
423,"4700 S Kedzie Ave,Chicago, IL 60632",41.807644,-87.705337,Chicago
424,"2336 N Milwaukee Ave,Chicago, IL 60647",41.923509,-87.698862,Chicago
425,"4092 N Broadway St,Chicago, IL 60613",41.956801,-87.652158,Chicago
426,"3555 N Central Ave,Chicago, IL 60634",41.945592,-87.766286,Chicago
427,"900 N Michigan Ave,Chicago, IL 60611",41.899554,-87.625923,Chicago
428,"4635 N Elston Ave,Chicago, IL 60630",41.965508,-87.735826,Chicago
429,"535 W 111th St,Chicago, IL 60628",41.87897,-87.66063,Chicago
430,"7908 S Exchange Ave,Chicago, IL 60617",41.87897,-87.66063,Chicago
431,"1424 W 47th St,Chicago, IL 60609",41.809959,-87.660916,Chicago
432,"3201 W Diversey Ave,Chicago, IL 60647",41.87897,-87.66063,Chicago
433,"4321 N Milwaukee Ave,Chicago, IL 60641",41.959483,-87.752996,Chicago
434,"10634 S Halsted St,Chicago, IL 60628",41.700313,-87.643093,Chicago
435,"3424 W 26th St,Chicago, IL 60623",41.844608,-87.710923,Chicago
436,"5220 S Pulaski Rd,Chicago, IL 60632",41.797631,-87.724731,Chicago
437,"521 W Diversey Pkwy,Chicago, IL 60614",41.87897,-87.66063,Chicago
438,"3940 E 106th St,Chicago, IL 60617",41.704193,-87.527808,Chicago
439,"3644 S Archer Ave,Chicago, IL 60609",41.827785,-87.682752,Chicago
440,"2550 N Clybourn Ave,Chicago, IL 60614",41.927158,-87.674367,Chicago
441,"40 S Halsted St,Chicago, IL 60661",41.881038,-87.647859,Chicago
442,"2940 N Ashland Ave,Chicago, IL 60657",41.93533,-87.670255,Chicago
443,"87 W 87th St,Chicago, IL 60620",41.734277,-87.627258,Chicago
444,"6220 N California Ave,Chicago, IL 60659",41.994509,-87.699886,Chicago
445,"1524 W Taylor St,Chicago, IL 60607",41.869495,-87.665056,Chicago
446,"4001 W 59th St,Chicago, IL 60629",41.785591,-87.723214,Chicago
447,"3531 N Broadway St,Chicago, IL 60657",41.946872,-87.646174,Chicago
448,"6801 N Western Ave,Chicago, IL 60645",42.005312,-87.689606,Chicago
449,"1763 W Howard St,Chicago, IL 60626",42.017572,-87.674604,Chicago
450,"6611 S Halsted St,Chicago, IL 60621",41.774061,-87.643636,Chicago
451,"3601 N Damen Ave,Chicago, IL 60618",41.947016,-87.67838,Chicago
452,"6409 N Bell Ave,Chicago, IL 60645",41.998124,-87.686062,Chicago
453,"2959 W Devon Ave,Chicago, IL 60659",41.997323,-87.704322,Chicago
454,"10736 S Ewing Ave,Chicago, IL 60617",41.699753,-87.535556,Chicago
455,"7140 N Harlem Ave,Chicago, IL 60631",42.011202,-87.807107,Chicago
456,"1101 S Canal St,Chicago, IL 60607",41.868807,-87.638704,Chicago
457,"1422 W 47th St,Chicago, IL 60609",41.809959,-87.660861,Chicago
458,"1834 W Fullerton Ave,Chicago, IL 60614",41.925633,-87.673938,Chicago
459,"3131 N Clark St,Chicago, IL 60657",41.938792,-87.649473,Chicago
460,"112 W 87th St,Chicago, IL 60620",41.737724,-87.62818,Chicago
461,"2544 N Narragansett Ave,Chicago, IL 60639",41.87897,-87.66063,Chicago
462,"4612 W Irving Park Rd,Chicago, IL 60641",41.953861,-87.743175,Chicago
463,"7507 N Clark St,Chicago, IL 60626",42.017887,-87.673672,Chicago
464,"111 N State St,Chicago, IL 60602",41.883712,-87.627047,Chicago
465,"737 N Michigan Ave,Chicago, IL 60611",41.896045,-87.623558,Chicago
466,"4609 S Ashland Ave,Chicago, IL 60609",41.810049,-87.664595,Chicago
467,"4756 S Kedzie Ave,Chicago, IL 60632",41.806556,-87.704222,Chicago
468,"5119 S Pulaski Rd,Chicago, IL 60632",41.799904,-87.722327,Chicago
469,"2593 N Elston Ave,Chicago, IL 60647",41.929892,-87.681788,Chicago
470,"112 W 87th St Ste 1,Chicago, IL 60620",41.737724,-87.62818,Chicago
471,"5616 W Belmont Ave,Chicago, IL 60634",41.938851,-87.767212,Chicago
472,"8721 S Stony Island Ave,Chicago, IL 60617",41.736268,-87.584732,Chicago
473,"5235 N Broadway St,Chicago, IL 60640",41.97725,-87.659337,Chicago
474,"3521 W Devon Ave,Chicago, IL 60659",41.997058,-87.71712,Chicago
475,"11618 S Marshfield Ave,Chicago, IL 60643",41.682595,-87.663781,Chicago
476,"7540 N Western Ave,Chicago, IL 60645",42.018295,-87.691659,Chicago
477,"3620 E 118th St Ste A,Chicago, IL 60617",41.682216,-87.535706,Chicago
478,"2200 S Western Ave,Chicago, IL 60608",41.851578,-87.687026,Chicago
479,"2551 W Cermak Rd,Chicago, IL 60608",41.850554,-87.689997,Chicago
480,"443 E 34th St,Chicago, IL 60616",41.832767,-87.614658,Chicago
481,"370 N Desplaines St,Chicago, IL 60661",41.888657,-87.64516,Chicago
482,"4640 S Halsted St,Chicago, IL 60609",41.81061,-87.647244,Chicago
483,"550 N State St,Chicago, IL 60654",41.892171,-87.628573,Chicago
484,"2844 N Broadway St,Chicago, IL 60657",41.934156,-87.6448,Chicago
485,"3630 N Southport Ave,Chicago, IL 60613",41.947945,-87.664368,Chicago
486,"7530 S Stony Island Ave,Chicago, IL 60649",41.758255,-87.587549,Chicago
487,"9400 S Ashland Ave,Chicago, IL 60620",41.722944,-87.663415,Chicago
488,"1655 E 95th St,Chicago, IL 60617",41.720261,-87.582316,Chicago
489,"6430 W Irving Park Rd,Chicago, IL 60634",41.954092,-87.787771,Chicago
490,"3128 W 103rd St,Chicago, IL 60655",41.706868,-87.699794,Chicago
491,"11730 S Marshfield Ave,Chicago, IL 60643",41.680471,-87.664467,Chicago
492,"4734 N Cumberland Ave,Chicago, IL 60656",41.965549,-87.837975,Chicago
493,"42 S State St,Chicago, IL 60603",41.880859,-87.628151,Chicago
494,"4612 W. Irving Boulevard,Chicago, IL 60641",41.87897,-87.66063,Chicago
495,"125 E 47th St,Chicago, IL 60653",41.809144,-87.621736,Chicago
496,"1232 N La Salle Dr,Chicago, IL 60610",41.904845,-87.633424,Chicago
497,"800 N Kedzie Ave,Chicago, IL 60651",41.897037,-87.707742,Chicago
498,"4130 S Pulaski Rd,Chicago, IL 60632",41.87897,-87.66063,Chicago
499,"5102 S Lake Park Ave,Chicago, IL 60615",41.80229,-87.588041,Chicago
500,"1730 W Fullerton Ave Ste 17-21,Chicago, IL 60614",41.926358,-87.672777,Chicago
501,"1450 N Cicero Ave,Chicago, IL 60651",41.907239,-87.746901,Chicago
502,"7601 S Cicero Ave Ste 1930,Chicago, IL 60652",41.755323,-87.740572,Chicago
503,"2659 N Central Ave,Chicago, IL 60639",41.929956,-87.716857,Chicago
504,"1709 E 95th St,Chicago, IL 60617",41.72033,-87.58205,Chicago
505,"4655 W Foster Ave,Chicago, IL 60630",41.974008,-87.745073,Chicago
506,"6133 N Lincoln Ave,Chicago, IL 60659",41.994249,-87.711491,Chicago
507,"11620 S Marshfield Ave,Chicago, IL 60643",41.682566,-87.663781,Chicago
508,"1739 W Cermak Rd,Chicago, IL 60608",41.851599,-87.670167,Chicago
509,"4340 Fox Valley Center Dr,Aurora, IL 60504",41.76071,-88.207719,Naperville
510,"2 Fox Valley Ctr,Aurora, IL 60504",41.758571,-88.210241,Naperville
511,"1835 W Jefferson Ave,Naperville, IL 60540",41.770812,-88.197802,Naperville
512,"3115 111th St,Naperville, IL 60564",41.681241,-88.208011,Naperville
513,"1409 Plainfield Naperville Rd,Naperville, IL 60564",41.746534,-88.16809,Naperville
514,"2607 W 75th St,Naperville, IL 60540",41.748727,-88.200372,Naperville
515,"631 N Route 59,Naperville, IL 60563",41.78174,-88.206532,Naperville
516,"514 S Route 59,Naperville, IL 60540",41.76087,-88.202107,Naperville
517,"501 W 87th St,Naperville, IL 60565",41.725406,-88.14905,Naperville
518,"3 Fox Valley Ctr,Aurora, IL 60504",41.75947,-88.21298,Naperville
519,"127 E Ogden Ave,Naperville, IL 60563",41.787004,-88.145135,Naperville
520,"1 Fox Valley Ctr,Aurora, IL 60504",41.758406,-88.214807,Naperville
521,"4 Fox Valley Ctr,Aurora, IL 60504",41.75722,-88.212393,Naperville
522,"3103 111th St Ste 115,Naperville, IL 60564",41.683203,-88.20706,Naperville
523,"1931 Glacier Park,Naperville, IL 60540",41.775348,-88.205121,Naperville
524,"348 S Route 59,Naperville, IL 60540",41.766161,-88.203804,Naperville
525,"2708 Showplace Dr,Naperville, IL 60564",41.715561,-88.207287,Naperville
526,"2511 W 75th St,Naperville, IL 60540",41.748785,-88.197926,Naperville
527,"127 Ambassador Dr Ste 159,Naperville, IL 60540",41.773373,-88.199818,Naperville
528,"2781 Aurora Ave,Naperville, IL 60540",41.764482,-88.201526,Naperville
529,"586 S Route 59,Naperville, IL 60540",41.75956,-88.203916,Naperville
530,"1663 N Route 59,Naperville, IL 60563",41.798234,-88.20548,Naperville
531,"1304 Plainfield Naperville Rd,Naperville, IL 60564",41.747114,-88.166797,Naperville
532,"44 W Gartner Rd,Naperville, IL 60540",41.754373,-88.140775,Naperville
533,"3116 S Route 59,Naperville, IL 60564",41.708389,-88.204208,Naperville
534,"3075 Book Rd,Naperville, IL 60564",41.708927,-88.18736,Naperville
535,"1300 S Naper Blvd,Naperville, IL 60540",41.749645,-88.112843,Naperville
536,"1157 N Eola Rd,Aurora, IL 60502",41.78001,-88.238172,Naperville
537,"2811 Patriot,Naperville, IL 60563",41.754048,-88.149814,Naperville
538,"140 W Jefferson Ave,Naperville, IL 60540",41.754048,-88.149814,Naperville
539,"315 S Main St,Naperville, IL 60540",41.771217,-88.149973,Naperville
540,"1476 Aberdeen Ct,Naperville, IL 60564",41.729115,-88.22123,Naperville
541,"2109 Fox Valley Ctr,Aurora, IL 60504",41.757596,-88.212608,Naperville
542,"1864 High Grove Ln Ste 124, Naperville, Il 60540,Naperville, IL 60540",41.775651,-88.201238,Naperville
543,"740 S Route 59,Naperville, IL 60540",41.758628,-88.203346,Naperville
544,"4070 Fox Valley Center Dr,Aurora, IL 60504",41.760579,-88.217466,Naperville
545,"1568 W Ogden Ave,Naperville, IL 60540",41.768564,-88.184778,Naperville
546,"856 S Route 59,Naperville, IL 60540",41.756,-88.20197,Naperville
547,"1592 W Ogden Ave,Naperville, IL 60540",41.765678,-88.185858,Naperville
548,"1598 W Ogden Ave,Naperville, IL 60540",41.765256,-88.185881,Naperville
549,"888 S Route 59 Ste 112,Naperville, IL 60540",41.754048,-88.149814,Naperville
550,"1755 W Ogden Ave,Naperville, IL 60540",41.76332,-88.188031,Naperville
551,"712 Prescott Ct,Naperville, IL 60563",41.782834,-88.173057,Naperville
552,"790 Royal Saint George Dr Ste 145,Naperville, IL 60563",41.783794,-88.163851,Naperville
553,"1303 Plainfield Naperville Rd,Naperville, IL 60564",41.747088,-88.167951,Naperville
554,"1355 S Route 59,Naperville, IL 60564",41.731072,-88.206879,Naperville
555,"901 N Washington St,Naperville, IL 60563",41.786056,-88.147936,Naperville
556,"200 E 5th Ave,Naperville, IL 60563",41.780377,-88.142623,Naperville
557,"351 E Hillside Rd,Naperville, IL 60540",41.754048,-88.149814,Naperville
558,"2959 Artesian Rd Ste 103,Naperville, IL 60564",41.725583,-88.205716,Naperville
559,"2948 Artesian Rd,Naperville, IL 60564",41.724989,-88.204368,Elgin
560,"1107 E Ogden Ave,Naperville, IL 60563",41.792111,-88.129302,Naperville
561,"2832 Showplace Dr,Naperville, IL 60564",41.754048,-88.149814,Naperville
562,"812 Huntleigh Dr Ste 2A,Naperville, IL 60540",41.761934,-88.120203,Naperville
563,"1260 Iroquois Ave,Naperville, IL 60563",41.792847,-88.12407,Naperville
564,"1925 S Washington St,Naperville, IL 60565",41.73209,-88.129573,Elgin
565,"1280 W Ogden Ave,Naperville, IL 60563",41.780478,-88.178747,Naperville
566,"1290 S Route 59,Naperville, IL 60540",41.747886,-88.205344,Naperville
567,"1671 N Route 59,Naperville, IL 60563",41.798682,-88.205378,Naperville
568,"1 Clock Tower Plz,Elgin, IL 60120",42.028511,-88.276495,Elgin
569,"1195 N Mclean Blvd,Elgin, IL 60123",42.03831,-88.290742,Elgin
570,"300 S Mclean Blvd Ste G,Elgin, IL 60123",42.027046,-88.312998,Elgin
571,"30 S Mclean Blvd,South Elgin, IL 60177",41.995914,-88.315799,Elgin
572,"1660 Larkin Ave,Elgin, IL 60123",42.034734,-88.319295,Elgin
573,"822 Summit St,Elgin, IL 60120",42.047356,-88.259963,Elgin
574,"1570 N Randall Rd,Elgin, IL 60123",42.073388,-88.336376,Elgin
575,"617 S Randall Rd,Elgin, IL 60123",42.018766,-88.335415,Elgin
576,"215 S Randall Rd,Elgin, IL 60123",42.027303,-88.336781,Elgin
577,"204 S Randall Rd,Elgin, IL 60123",42.028596,-88.341131,Elgin
578,"1570 Big Timber Rd,Elgin, IL 60123",42.058632,-88.31584,Elgin
579,"1145 W Spring St,South Elgin, IL 60177",41.99231,-88.306131,Elgin
580,"110 W Chicago St,Elgin, IL 60123",42.036792,-88.286928,Elgin
581,"238 S Randall Rd,Elgin, IL 60123",42.03831,-88.290742,Elgin
582,"330 Corporate Dr,Elgin, IL 60123",42.073758,-88.282745,Elgin
583,"583 N Mclean Blvd,Elgin, IL 60123",42.047787,-88.3112,Elgin
584,"306 S Mclean Blvd,Elgin, IL 60123",42.02626,-88.314479,Elgin
585,"338 S Mclean Blvd,Elgin, IL 60123",42.02431,-88.312555,Elgin
586,"460 S Mclean Blvd,Elgin, IL 60123",42.021287,-88.3139,Elgin
587,"1670 Larkin Ave,Elgin, IL 60123",42.03831,-88.290742,Elgin
588,"75 Market St,Elgin, IL 60123",42.035996,-88.318629,Elgin
589,"1118 South St,Elgin, IL 60123",42.026201,-88.306314,Chicago
590,"776 Walnut Ave,Elgin, IL 60123",42.028877,-88.297621,Chicago
591,"347 N McLean Blvd,Elgin, IL 60123",41.997309,-88.314937,Elgin
592,"725 W Chicago St,Elgin, IL 60123",42.034436,-88.295593,Elgin
593,"740 Schneider Dr,South Elgin, IL 60177",42.006831,-88.301641,Elgin
594,"54 National St,Elgin, IL 60123",42.029871,-88.281829,Elgin
595,"804 N La Fox St,South Elgin, IL 60177",42.001642,-88.297994,Elgin
596,"1175 W Spring St,South Elgin, IL 60177",41.99231,-88.306131,Elgin
597,"1700 N State St,Elgin, IL 60123",42.03831,-88.290742,Elgin
598,"1435 N Randall Rd Ste 101,Elgin, IL 60123",42.03831,-88.290742,Elgin
599,"1001 W Irving Park Rd,Elgin, IL 60120",42.018913,-88.203601,Elgin
600,"1001 N Randall Rd,Elgin, IL 60123",42.052783,-88.336736,Elgin
601,"771 Walnut Ave,Elgin, IL 60123",42.02845,-88.297585,Elgin
602,"570 Jenna Dr,South Elgin, IL 60177",42.000982,-88.314199,Elgin
603,"1725 Larkin Ave,Elgin, IL 60123",42.033086,-88.320681,Elgin
604,"Randall Road &amp; College Grn,Elgin, IL 60123",42.03831,-88.290742,Chicago
605,"1032 Larkin Ave,Elgin, IL 60123",42.036923,-88.304078,Elgin
606,"285 N Mclean Blvd,Elgin, IL 60123",42.04143,-88.311541,Elgin
607,"815 S Randall Rd,Elgin, IL 60123",42.011939,-88.333809,Elgin
608,"1100 S Randall Rd,Elgin, IL 60123",42.003871,-88.338974,Elgin
609,"222 Locust St,Elgin, IL 60123",42.033974,-88.286278,Elgin
610,"6 S State St,Elgin, IL 60123",42.03598,-88.287377,Elgin
611,"500 Bird St,Elgin, IL 60123",42.045671,-88.29577,Elgin
612,"300 S State St,Elgin, IL 60123",42.028829,-88.283204,Elgin
613,"1230 W Spring St,South Elgin, IL 60177",41.99231,-88.306131,Elgin
614,"180 Kimball St,Elgin, IL 60120",42.042105,-88.282835,Elgin
615,"326 Du Page St,Elgin, IL 60120",42.03831,-88.290742,Elgin
616,"1520 Big Timber Rd,Elgin, IL 60123",42.058746,-88.314919,Elgin
617,"3191 Us Highway 20,Elgin, IL 60124",42.03831,-88.290742,Elgin
618,"1190 N Mclean Blvd,Elgin, IL 60123",42.062309,-88.315986,Elgin
619,"470 Dundee Ave,Elgin, IL 60120",42.046004,-88.276723,Chicago
620,"816 Saint Charles St,Elgin, IL 60120",42.019443,-88.269049,Naperville
621,"1201 W Spring St,South Elgin, IL 60177",41.99231,-88.306131,Elgin
622,"900 N La Fox St,South Elgin, IL 60177",42.003493,-88.296971,Elgin
623,"1775 N La Fox St,South Elgin, IL 60177",42.009268,-88.289537,Elgin
624,"375 Randall Rd,South Elgin, IL 60177",41.986649,-88.338773,Elgin
625,"350 Randall Rd,South Elgin, IL 60177",41.986032,-88.341208,Naperville
626,"2636 Irving Blvd,Dallas, TX 75207",32.801824,-96.842259,Dallas
627,"309 N Marsalis Ave,Dallas, TX 75203",32.751555,-96.815968,Dallas
628,"100 Northpark Ctr,Dallas, TX 75225",32.736212,-96.784359,Dallas
629,"5000 Alpha Rd,Dallas, TX 75244",32.736212,-96.784359,Dallas
630,"2550 W Red Bird Ln,Dallas, TX 75237",32.670324,-96.859329,Dallas
631,"8040 Park Ln,Dallas, TX 75231",32.86976,-96.76813,Dallas
632,"4724 Greenville Ave,Dallas, TX 75206",32.845025,-96.769745,Dallas
633,"10720 Preston Rd Ste 1018,Dallas, TX 75230",32.894155,-96.80197,Dallas
634,"407 W Jefferson Blvd,Dallas, TX 75208",32.743463,-96.828627,Dallas
635,"315 S Hampton Rd,Dallas, TX 75208",32.742633,-96.858501,Dallas
636,"4430 Dfw Tpke,Dallas, TX 75211",32.736212,-96.784359,Dallas
637,"3524 Mckinney Ave,Dallas, TX 75204",32.805918,-96.797373,Dallas
638,"9750 Walnut St,Dallas, TX 75243",32.923068,-96.720236,Dallas
639,"11536 Harry Hines Blvd,Dallas, TX 75229",32.90258,-96.891272,Dallas
640,"2020 N Masters Dr Ste 102,Dallas, TX 75217",32.736212,-96.784359,Dallas
641,"9779 Forest Ln Ste 200C,Dallas, TX 75243",32.736212,-96.784359,Dallas
642,"8687 N Central Expy 2nd Fl,Dallas, TX 75225",32.866842,-96.771886,Dallas
643,"3420 W Illinois Ave #600,Dallas, TX 75211",32.736212,-96.784359,Dallas
644,"1722 Routh St,Dallas, TX 75201",32.792073,-96.795177,Dallas
645,"5701 Maple Ave,Dallas, TX 75235",32.821459,-96.837553,Dallas
646,"2218 abrams rd,Dallas, TX 75231",32.736212,-96.784359,Dallas
647,"11311 Harry Hines Blvd,Dallas, TX 75229",32.893956,-96.892322,Dallas
648,"4102 Live Oak St,Dallas, TX 75204",32.796492,-96.779159,Dallas
649,"2325 N Fitzhugh Ave,Dallas, TX 75204",32.81088,-96.782155,Dallas
650,"532 W Jefferson Blvd,Dallas, TX 75208",32.742865,-96.831677,Dallas
651,"3301 Bernal Dr,Dallas, TX 75212",32.787149,-96.874094,Dallas
652,"2614 S Beckley Ave,Dallas, TX 75224",32.716307,-96.822583,Dallas
653,"6770 Abrams Rd,Dallas, TX 75231",32.867458,-96.741622,Dallas
654,"2445 W Northwest Hwy Ste 108,Dallas, TX 75220",32.736212,-96.784359,Dallas
655,"11312 Lyndon B Johnson Fwy,Dallas, TX 75238",32.736212,-96.784359,Dallas
656,"9780 Walnut St,Dallas, TX 75243",32.921951,-96.719045,Dallas
657,"14211 Coit Rd,Dallas, TX 75254",32.942605,-96.770508,Dallas
658,"421 W Lawson Rd Trlr 40,Dallas, TX 75253",32.736212,-96.784359,Dallas
659,"19059 Marsh Ln,Dallas, TX 75287",33.011355,-96.857794,Dallas
660,"2415 N Haskell Ave Ste 113,Dallas, TX 75204",32.736212,-96.784359,Dallas
661,"7602 Great Trinity Forest Way,Dallas, TX 75217",32.712368,-96.691086,Dallas
662,"4525 Cole Ave,Dallas, TX 75205",32.821921,-96.789795,Dallas
663,"501 S Rosemont Ave,Dallas, TX 75208",32.741084,-96.848116,Dallas
664,"7932 Great Trinity Forest Way,Dallas, TX 75217",32.711541,-96.685237,Dallas
665,"11818 Harry Hines Blvd,Dallas, TX 75234",32.910162,-96.894317,Dallas
666,"10325 Lake June Rd,Dallas, TX 75217",32.735749,-96.647145,Dallas
667,"1050 S Belt Line Rd,Dallas, TX 75253",32.736212,-96.784359,Dallas
668,"5334 Ross Ave,Dallas, TX 75206",32.809289,-96.770937,Dallas
669,"11722 Marsh Ln Ste 317,Dallas, TX 75229",32.908544,-96.854203,Dallas
670,"17610 Midway Rd,Dallas, TX 75287",32.987993,-96.840947,Dallas
671,"10300 Scyene Rd,Dallas, TX 75227",32.761891,-96.646256,Dallas
672,"2525 W Wheatland Rd,Dallas, TX 75237",32.649266,-96.860602,Dallas
673,"4823 Bryan St,Dallas, TX 75204",32.803836,-96.774021,Dallas
674,"4950 Columbia Ave,Dallas, TX 75214",32.796108,-96.761745,Dallas
675,"2223 Singleton Blvd Ste 116,Dallas, TX 75212",32.736212,-96.784359,Dallas
676,"3752 Dixon Ave,Dallas, TX 75210",32.76379,-96.7353,Dallas
677,"4441 Lawnview Ave,Dallas, TX 75227",32.783582,-96.722326,Dallas
678,"4835 Samuell Blvd,Dallas, TX 75228",32.793189,-96.712593,Dallas
679,"8231 Park Ln,Dallas, TX 75231",32.871832,-96.763207,Dallas
680,"3460 Webb Chapel Ext,Dallas, TX 75220",32.864337,-96.863915,Dallas
681,"8155 S R L Thornton Fwy,Dallas, TX 75232",32.648147,-96.824478,Dallas
682,"8335 Westchester Dr,Dallas, TX 75225",32.86426,-96.807588,Dallas
683,"1618 Main St,Dallas, TX 75201",32.780621,-96.797493,Dallas
684,"8687 N Central Expy Ste 800,Dallas, TX 75225",32.866842,,Dallas
685,"8180 Park Ln Ste C140,Dallas, TX 75231",32.736212,-96.784359,Dallas
686,"3200 S Lancaster Rd Ste 750,Dallas, TX 75216",32.736212,-96.784359,Dallas
687,"2001 Greenville Ave,Dallas, TX 75206",32.814878,-96.770576,Dallas
688,"3434 W Illinois Ave,Dallas, TX 75211",32.719005,-96.875999,Dallas
689,"3616 Forest Ln,Dallas, TX 75234",32.90863,-96.859021,Dallas
690,"8687 N Central Expy Ste A,Dallas, TX 75225",32.866842,-96.771886,Dallas
691,"13375 Noel Rd,Dallas, TX 75240",32.930128,-96.818591,Dallas
692,"5220 Alpha Rd Ste A,Dallas, TX 75240",32.932324,-96.819968,Dallas
693,"10335 Gardner Rd,Dallas, TX 75220",32.86428,-96.903446,Dallas
694,"3610 Forest Ln,Dallas, TX 75234",32.90863,-96.859021,Dallas
695,"3204 Malcolm X Blvd,Dallas, TX 75215",32.767631,-96.76645,Dallas
696,"320 Casa Linda Plz,Dallas, TX 75218",32.833905,-96.699909,Dallas
697,"11700 Preston Rd,Dallas, TX 75230",32.736212,-96.784359,Dallas
698,"7751 Bonnie View Rd,Dallas, TX 75241",32.653042,-96.75257,Dallas
699,"5338 Lindsley Ave,Dallas, TX 75223",32.794477,-96.752763,Dallas
700,"11422 Harry Hines Blvd,Dallas, TX 75229",32.897504,-96.890291,Dallas
701,"5609 Alpha Rd,Dallas, TX 75240",32.933183,-96.810862,Dallas
702,"2307 E Ann Arbor Ave,Dallas, TX 75216",32.698883,-96.783824,Dallas
703,"2103 Canada Dr,Dallas, TX 75212",32.793094,-96.856903,Dallas
704,"2215 S Marsalis Ave,Dallas, TX 75216",32.721092,-96.8153,Dallas
705,"611 S Hampton Rd,Dallas, TX 75208",32.739912,-96.856992,Dallas
706,"1910 S Edgefield Ave,Dallas, TX 75224",32.726379,-96.844344,Dallas
707,"4440 W Illinois Ave,Dallas, TX 75211",32.718975,-96.89236,Dallas
708,"7828 Lake June Rd,Dallas, TX 75217",32.733946,-96.687224,Dallas
709,"1622 S Buckner Blvd,Dallas, TX 75217",32.739741,-96.682209,Dallas
710,"3107 S Cockrell Hill Rd,Dallas, TX 75236",32.706967,-96.892328,Dallas
711,"8098 Great Trinity Forest Way,Dallas, TX 75217",32.712131,-96.68428,Dallas
712,"4721 Simonton Rd,Dallas, TX 75244",32.736212,-96.784359,Dallas
713,"2439 Valwood Pkwy,Dallas, TX 75234",32.736212,-96.784359,Dallas
714,"3128 Forest Ln Ste 245,Dallas, TX 75234",32.736212,-96.784359,Dallas
715,"5220 Alpha Rd,Dallas, TX 75240",32.932324,-96.819968,Dallas
716,"16641 Coit Rd,Dallas, TX 75248",32.981059,-96.769458,Dallas
717,"750 N Riverfront Blvd,Dallas, TX 75207",32.783479,-96.814843,Dallas
718,"4104 Gaston Ave,Dallas, TX 75246",32.793928,-96.776275,Dallas
719,"3716 Maple Ave,Dallas, TX 75219",32.804139,-96.813579,Dallas
720,"111 N Carroll Ave,Dallas, TX 75226",32.791541,-96.768092,Dallas
721,"225 E Colorado Blvd,Dallas, TX 75203",32.759147,-96.820515,Dallas
722,"2120 Greenville Ave,Dallas, TX 75206",32.815593,-96.769876,Dallas
723,"835 W 9th St,Dallas, TX 75208",32.746666,-96.837283,Dallas
724,"6401 Abrams Rd,Dallas, TX 75231",32.862286,-96.745773,Dallas
725,"8687 N Central Expy,Dallas, TX 75225",32.866842,-96.771886,Dallas
726,"4850 Overton Ridge Blvd,Fort Worth, TX 76132",32.679067,-97.400068,Fort Worth
727,"6425 Mccart Ave,Fort Worth, TX 76133",32.729442,-97.33181,Fort Worth
728,"6397 Camp Bowie Blvd,Fort Worth, TX 76116",32.725235,-97.42085,Fort Worth
729,"4650 S Hulen St,Fort Worth, TX 76132",32.679783,-97.396856,Fort Worth
730,"4820 SW Loop 820,Fort Worth, TX 76109",32.684491,-97.398856,Fort Worth
731,"4201 E Berry St,Fort Worth, TX 76105",32.714602,-97.26167,Fort Worth
732,"4651 West Fwy # 100,Fort Worth, TX 76107",32.729442,-97.33181,Fort Worth
733,"2191 Sycamore School Rd,Fort Worth, TX 76134",32.729442,-97.33181,Fort Worth
734,"2700 8th Ave,Fort Worth, TX 76110",32.712478,-97.344778,Fort Worth
735,"121 N Beach St,Fort Worth, TX 76111",32.729442,-97.33181,Fort Worth
736,"2945 W Berry St,Fort Worth, TX 76109",32.705858,-97.359618,Fort Worth
737,"900 Alta Mere Dr,Fort Worth, TX 76116",32.729442,-97.33181,Fort Worth
738,"3548 S Hills Ave Ste 14,Fort Worth, TX 76109",32.697386,-97.368053,Fort Worth
739,"4650 SW Loop 820,Fort Worth, TX 76109",32.683027,-97.393983,Fort Worth
740,"6377 Camp Bowie Blvd,Fort Worth, TX 76116",32.725235,-97.42085,Fort Worth
741,"2747 8th Ave,Fort Worth, TX 76110",32.712104,-97.343485,Fort Worth
742,"3700 E Rosedale St,Fort Worth, TX 76105",32.730901,-97.27071,Fort Worth
743,"5536 Bonnell Ave,Fort Worth, TX 76107",32.723829,-97.405859,Fort Worth
744,"500 S Riverside Dr,Fort Worth, TX 76104",32.739041,-97.303232,Fort Worth
745,"339 Carroll St,Fort Worth, TX 76107",32.755666,-97.351551,Fort Worth
746,"1000 Bessie St,Fort Worth, TX 76104",32.739969,-97.31562,Fort Worth
747,"3601 E Rosedale St,Fort Worth, TX 76105",32.731139,-97.272679,Fort Worth
748,"1225 Oakland Blvd,Fort Worth, TX 76103",32.759109,-97.261413,Fort Worth
749,"1212 N Beach St,Fort Worth, TX 76111",32.780521,-97.289961,Fort Worth
750,"5337 Ramey Ave,Fort Worth, TX 76105",32.721511,-97.23997,Fort Worth
751,"5901 Donnelly Ave,Fort Worth, TX 76107",32.729027,-97.411774,Fort Worth
752,"5948 River Oaks Blvd,Fort Worth, TX 76114",32.766982,-97.407476,Fort Worth
753,"6310 Hulen Bend Blvd,Fort Worth, TX 76132",32.729442,-97.33181,Fort Worth
754,"7400 Oakmont Blvd,Fort Worth, TX 76132",32.662889,-97.420063,Fort Worth
755,"2701 S Hulen St,Fort Worth, TX 76109",32.712041,-97.385243,Fort Worth
756,"6246 Rufe Snow Dr,Fort Worth, TX 76148",32.729442,-97.33181,Fort Worth
757,"4613 E Lancaster Ave,Fort Worth, TX 76103",32.729442,-97.33181,Fort Worth
758,"1936 Mitchell Blvd,Fort Worth, TX 76105",32.72549,-97.290841,Fort Worth
759,"3400 E Rosedale St,Fort Worth, TX 76105",32.730418,-97.276249,Fort Worth
760,"5001 E Berry St Ste A,Fort Worth, TX 76119",32.729442,-97.33181,Fort Worth
761,"2025 S Cherry Ln,Fort Worth, TX 76108",32.738915,-97.451385,Fort Worth
762,"901 Bridgewood Dr,Fort Worth, TX 76112",32.767311,-97.217697,Fort Worth
763,"2500 NE 28th St,Fort Worth, TX 76106",32.794888,-97.3256,Fort Worth
764,"327 Carroll St,Fort Worth, TX 76107",32.755666,-97.351551,Fort Worth
765,"6732 Camp Bowie Blvd,Fort Worth, TX 76116",32.722133,-97.433879,Fort Worth
766,"5728 N Tarrant Pkwy,Fort Worth, TX 76244",32.893369,-97.263241,Fort Worth
767,"4036 W Vickery Blvd,Fort Worth, TX 76107",32.727477,-97.377049,Fort Worth
768,"5549 E Lancaster Ave,Fort Worth, TX 76112",32.738545,-97.234735,Fort Worth
769,"6751 E Lancaster Ave,Fort Worth, TX 76112",32.73221,-97.21597,Fort Worth
770,"5520 SW Loop 820,Fort Worth, TX 76132",32.685714,-97.407438,Fort Worth
771,"2100 Green Oaks Rd,Fort Worth, TX 76116",32.738054,-97.436668,Fort Worth
772,"1900 Green Oaks Rd,Fort Worth, TX 76116",32.740599,-97.438772,Fort Worth
773,"3301 E Berry St,Fort Worth, TX 76105",32.713798,-97.278411,Fort Worth
774,"2208 W Seminary Dr,Fort Worth, TX 76115",32.729442,-97.33181,Fort Worth
775,"5112 Westcreek Dr,Fort Worth, TX 76133",32.671172,-97.366502,Fort Worth
776,"6700 Crowley Rd,Fort Worth, TX 76134",32.648468,-97.348912,Fort Worth
777,"6756 W Vickery Blvd,Fort Worth, TX 76116",32.703367,-97.428115,Fort Worth
778,"1930 Roberts Cut Off Rd,Fort Worth, TX 76114",32.788852,-97.399501,Fort Worth
779,"3905 Telephone Rd,Fort Worth, TX 76135",32.813572,-97.433916,Fort Worth
780,"901 E Berry St,Fort Worth, TX 76110",32.729442,-97.33181,Fort Worth
781,"309 W 7th St,Fort Worth, TX 76102",32.751095,-97.331532,Fort Worth
782,"3300 W 7th St,Fort Worth, TX 76107",32.751517,-97.365106,Fort Worth
783,"2526 Jacksboro Hwy,Fort Worth, TX 76114",32.787877,-97.384708,Fort Worth
784,"1943 Golden Heights Rd,Fort Worth, TX 76177",32.729442,-97.33181,Fort Worth
785,"1751 River Run,Fort Worth, TX 76107",32.775177,-97.350416,Fort Worth
786,"367 Carroll St,Fort Worth, TX 76107",32.755666,-97.351551,Fort Worth
787,"6216 Hulen Bend Blvd,Fort Worth, TX 76132",32.729442,-97.33181,Fort Worth
788,"6330 Lake Worth Blvd,Fort Worth, TX 76135",32.811712,-97.423548,Fort Worth
789,"9700 Legacy Dr Ste 120,Fort Worth, TX 76108",32.763467,-97.485449,Fort Worth
790,"3563 Alton Rd,Fort Worth, TX 76109",32.697441,-97.36918,Fort Worth
791,"850 E Loop 820,Fort Worth, TX 76112",32.767425,-97.214585,Fort Worth
792,"6700 W Freeway,Fort Worth, TX 76116",32.736665,-97.43309,Fort Worth
793,"9300 Clifford St,Fort Worth, TX 76108",32.766191,-97.47805,Fort Worth
794,"2748 Renaissance Sq,Fort Worth, TX 76105",32.729442,-97.33181,Fort Worth
795,"4200 South Fwy Ste 1710,Fort Worth, TX 76115",32.686487,-97.324955,Fort Worth
796,"433 Carroll St,Fort Worth, TX 76107",32.753839,-97.351985,Fort Worth
797,"455 Sherry Ln,Fort Worth, TX 76114",32.750757,-97.429589,Fort Worth
798,"6598 Lake Worth Blvd,Fort Worth, TX 76135",32.814597,-97.427587,Fort Worth
799,"1454 Eastchase Pkwy,Fort Worth, TX 76120",32.756964,-97.169173,Fort Worth
800,"5529 Sierra Springs Ln,Fort Worth, TX 76123",32.604075,-97.410317,Fort Worth
801,"5633 Sierra Springs Ln,Fort Worth, TX 76123",32.729442,-97.33181,Fort Worth
802,"9348 Sage Meadow Trl,Fort Worth, TX 76177",32.91057,-97.314368,Fort Worth
803,"2520 Hemphill St,Fort Worth, TX 76110",32.714758,-97.332121,Fort Worth
804,"1037 E Berry St,Fort Worth, TX 76110",32.706314,-97.314318,Fort Worth
805,"1100 E Seminary Dr,Fort Worth, TX 76115",32.684048,-97.314101,Fort Worth
806,"3600 Miller Ave,Fort Worth, TX 76119",32.709454,-97.263338,Fort Worth
807,"5721 Crowley Rd,Fort Worth, TX 76134",32.662376,-97.347201,Fort Worth
808,"4409 River Oaks Blvd,Fort Worth, TX 76114",32.729442,-97.33181,Fort Worth
809,"3451 Decatur Ave,Fort Worth, TX 76106",32.806181,-97.339373,Fort Worth
810,"6532 Meadowbrook Dr,Fort Worth, TX 76112",32.729442,-97.33181,Fort Worth
811,"1024 Bridgewood Dr,Fort Worth, TX 76112",32.76574,-97.218818,ArlingtonTX
812,"6267 Granbury Rd,Fort Worth, TX 76133",32.657431,-97.400658,Fort Worth
813,"1909 Everman Pkwy,Fort Worth, TX 76140",32.623541,-97.289587,Fort Worth
814,"8454 Camp Bowie West Blvd,Fort Worth, TX 76116",32.724995,-97.463083,ArlingtonTX
815,"6738 Lake Worth Blvd,Fort Worth, TX 76135",32.81492,-97.436147,ArlingtonTX
816,"7121 Boat Club Rd,Fort Worth, TX 76179",32.866308,-97.426782,ArlingtonTX
817,"5129 Golden Triangle Blvd,Fort Worth, TX 76244",32.93215,-97.272927,ArlingtonTX
818,"1700 Green Oaks Rd,Fort Worth, TX 76116",32.742819,-97.437037,ArlingtonTX
819,"2708 Renaissance Sq,Fort Worth, TX 76105",32.729442,-97.33181,ArlingtonTX
820,"4200 South Fwy,Fort Worth, TX 76115",32.686487,-97.324955,Fort Worth
821,"4200 South Fwy Ste 948,Fort Worth, TX 76115",32.686487,-97.324955,Fort Worth
822,"4629 S Hulen St,Fort Worth, TX 76132",32.678239,-97.39372,Fort Worth
823,"5800 Overton Ridge Blvd,Fort Worth, TX 76132",32.67691,-97.413804,ArlingtonTX
824,"1255 Town Square Dr,Fort Worth, TX 76116",32.729442,-97.33181,ArlingtonTX
825,"7015 Ridgmar Meadow Rd,Fort Worth, TX 76116",32.729442,-97.33181,ArlingtonTX
826,"8640 Camp Bowie West Blvd,Fort Worth, TX 76116",32.729442,-97.33181,ArlingtonTX
827,"1458 Eastchase Pkwy,Fort Worth, TX 76120",32.756964,-97.169173,ArlingtonTX
828,"915 E Randol Mill Rd,Arlington, TX 76011",32.751025,-97.095415,ArlingtonTX
829,"1300 E Pioneer Pkwy,Arlington, TX 76010",32.707075,-97.090406,ArlingtonTX
830,"1125 W Arkansas Ln,Arlington, TX 76013",32.7068,-97.122951,ArlingtonTX
831,"2401 E Randol Mill Rd Ste 400,Arlington, TX 76011",32.749566,-97.066206,ArlingtonTX
832,"2700 E Abram St,Arlington, TX 76010",32.735296,-97.061306,ArlingtonTX
833,"2395 N Collins St,Arlington, TX 76011",32.774945,-97.096381,ArlingtonTX
834,"618 112th St,Arlington, TX 76011",32.751084,-97.047342,ArlingtonTX
835,"4800 Matlock Rd,Arlington, TX 76018",32.66991,-97.115509,ArlingtonTX
836,"1915 E Park Row Dr,Arlington, TX 76010",32.721602,-97.078663,ArlingtonTX
837,"2000 E Pioneer Pkwy,Arlington, TX 76010",32.710721,-97.075632,ArlingtonTX
838,"220 E Rogers St,Arlington, TX 76011",32.745793,-97.104427,ArlingtonTX
839,"1711 E Abram St,Arlington, TX 76010",32.735647,-97.084868,ArlingtonTX
840,"1601 W Park Row Dr,Arlington, TX 76013",32.721578,-97.132345,ArlingtonTX
841,"511 W Arkansas Ln,Arlington, TX 76010",32.70628,-97.113082,ArlingtonTX
842,"1298 W Arkansas Ln,Arlington, TX 76013",32.706369,-97.12763,ArlingtonTX
843,"440 N Bowen Rd,Arlington, TX 76012",32.73864,-97.14982,ArlingtonTX
844,"2202 New York Ave Ste 916,Arlington, TX 76010",32.709134,-97.080745,ArlingtonTX
845,"1013 N Bowen Rd,Arlington, TX 76012",32.749451,-97.150823,ArlingtonTX
846,"2521 E Park Row Dr,Arlington, TX 76010",32.721127,-97.063942,ArlingtonTX
847,"2319 N Davis Dr,Arlington, TX 76012",32.773546,-97.122495,ArlingtonTX
848,"2905 S Cooper St,Arlington, TX 76015",32.697584,-97.123362,ArlingtonTX
849,"2401 Ascension Blvd,Arlington, TX 76006",32.774186,-97.08309,ArlingtonTX
850,"3939 W Pioneer Pkwy,Arlington, TX 76013",32.71641,-97.168422,ArlingtonTX
851,"3400 S Watson Rd,Arlington, TX 76014",32.690915,-97.063896,ArlingtonTX
852,"4600 Matlock Rd,Arlington, TX 76018",32.671777,-97.115587,ArlingtonTX
853,"4500 S Bowen Rd,Arlington, TX 76017",32.67356,-97.150297,ArlingtonTX
854,"1007 Carthage Way,Arlington, TX 76017",32.655063,-97.126816,ArlingtonTX
855,"2501 SE Green Oaks Blvd,Arlington, TX 76018",32.661653,-97.063893,ArlingtonTX
856,"6107 S Cooper St Ste 100,Arlington, TX 76001",32.645933,-97.133063,ArlingtonTX
857,"2007 Southeast Pkwy,Arlington, TX 76018",32.641508,-97.075674,ArlingtonTX
858,"1701 W Randol Mill Rd,Arlington, TX 76012",32.751765,-97.13306,ArlingtonTX
859,"2120 E Abram St,Arlington, TX 76010",32.734973,-97.071894,ArlingtonTX
860,"1920 N Collins St,Arlington, TX 76011",32.765212,-97.097597,ArlingtonTX
861,"2101 E Lamar Blvd,Arlington, TX 76006",32.763054,-97.074433,ArlingtonTX
862,"920 Six Flags Dr,Arlington, TX 76011",32.757022,-97.064682,ArlingtonTX
863,"3400 S Collins St,Arlington, TX 76014",32.691495,-97.098171,ArlingtonTX
864,"2755 N Collins St,Arlington, TX 76006",32.784217,-97.094718,Fort Worth
865,"2775 N Collins St,Arlington, TX 76006",32.784217,-97.094718,ArlingtonTX
866,"2525 Brown Blvd,Arlington, TX 76006",32.774159,-97.063148,Fort Worth
867,"3930 W Pioneer Pkwy,Arlington, TX 76013",32.715157,-97.168477,ArlingtonTX
868,"100 E Interstate 20,Arlington, TX 76018",32.677234,-97.114425,ArlingtonTX
869,"700 W Interstate 20,Arlington, TX 76017",32.677205,-97.115315,ArlingtonTX
870,"4016 N Collins St,Arlington, TX 76005",32.685678,-97.102867,ArlingtonTX
871,"2300 W Green Oaks Blvd,Arlington, TX 76016",32.707465,-97.191551,ArlingtonTX
872,"4225 Park Springs Blvd,Arlington, TX 76016",32.677049,-97.166205,ArlingtonTX
873,"301 Sw Plaza Shopping Center,Arlington, TX 76016",32.676331,-97.199609,ArlingtonTX
874,"2500 SE Green Oaks Blvd,Arlington, TX 76018",32.660742,-97.063903,ArlingtonTX
875,"5401 Park Springs Blvd,Arlington, TX 76017",32.659446,-97.165384,ArlingtonTX
876,"6004 S Cooper St,Arlington, TX 76001",32.648142,-97.134718,ArlingtonTX
877,"735 W Sublett Rd,Arlington, TX 76017",32.645751,-97.117174,ArlingtonTX
878,"1900 E Sublett Rd,Arlington, TX 76018",32.648016,-97.076463,ArlingtonTX
879,"4401 W Green Oaks Blvd,Arlington, TX 76016",32.67656,-97.192477,ArlingtonTX
880,"4901 Little Rd,Arlington, TX 76017",32.668552,-97.203225,ArlingtonTX
881,"4900 W Sublett Rd,Arlington, TX 76001",32.645754,-97.18612,ArlingtonTX
882,"2535 E Arkansas Ln Ste 333,Arlington, TX 76010",32.707714,-97.065651,ArlingtonTX
883,"7301 Matlock Rd,Arlington, TX 76002",32.626179,-97.11458,Fort Worth
884,"1001 W Randol Mill Rd,Arlington, TX 76012",32.750689,-97.119715,ArlingtonTX
885,"2538 W Pioneer Pkwy,Arlington, TX 76013",32.708624,-97.150307,ArlingtonTX
886,"2921 E Division St,Arlington, TX 76011",32.685678,-97.102867,ArlingtonTX
887,"3231 E Abram St,Arlington, TX 76010",32.738106,-97.049302,ArlingtonTX
888,"1900 Timberlake Dr,Arlington, TX 76010",32.715368,-97.053572,ArlingtonTX
889,"710 W Interstate 20,Arlington, TX 76017",32.677225,-97.116123,ArlingtonTX
890,"4851 S Cooper St,Arlington, TX 76017",32.685678,-97.102867,ArlingtonTX
891,"401 Southwest Plz,Arlington, TX 76016",32.676,-97.202047,Fort Worth
892,"500 E Abram St,Arlington, TX 76010",32.685678,-97.102867,ArlingtonTX
893,"1517 S Cooper St,Arlington, TX 76010",32.720276,-97.11377,ArlingtonTX
894,"817 E Park Row Dr,Arlington, TX 76010",32.721596,-97.098961,ArlingtonTX
895,"1517 E Abram St,Arlington, TX 76010",32.685678,-97.102867,ArlingtonTX
896,"140 Lincoln Sq,Arlington, TX 76011",32.757499,-97.099355,ArlingtonTX
897,"1936 E Abram St,Arlington, TX 76010",32.734865,-97.077843,ArlingtonTX
898,"739 W Lamar Blvd,Arlington, TX 76012",32.685678,-97.102867,ArlingtonTX
899,"1401 New York Ave Ste 105,Arlington, TX 76010",32.722257,-97.079643,ArlingtonTX
900,"2300 W Division St Ste 150,Arlington, TX 76012",32.735479,-97.145402,ArlingtonTX
901,"2424 S Collins St,Arlington, TX 76014",32.705201,-97.098687,ArlingtonTX
902,"1901 E Arkansas Ln,Arlington, TX 76010",32.706606,-97.079552,Fort Worth
903,"2175 E Arkansas Ln,Arlington, TX 76010",32.706706,-97.072182,Fort Worth
904,"2625 E Park Row Dr,Arlington, TX 76010",32.721143,-97.060635,Fort Worth
905,"1901 E Mayfield Rd,Arlington, TX 76014",32.692045,-97.080031,ArlingtonTX
906,"3811 S Cooper St,Arlington, TX 76015",32.67304,-97.115426,ArlingtonTX
907,"331 E Sublett Rd,Arlington, TX 76018",32.645338,-97.111628,ArlingtonTX
908,"1904 E Sublett Rd,Arlington, TX 76018",32.647937,-97.076005,ArlingtonTX
909,"301 W Division St,Arlington, TX 76011",32.739399,-97.109725,ArlingtonTX
910,"825 E Sanford St,Arlington, TX 76011",32.743066,-97.098324,ArlingtonTX
911,"500 N Collins St,Arlington, TX 76011",32.743092,-97.097801,ArlingtonTX
912,,,,ArlingtonTX
913,,,,ArlingtonTX
914,,,,ArlingtonTX
915,,,,ArlingtonTX
916,,,,ArlingtonTX
917,,,,ArlingtonTX
918,,,,ArlingtonTX
919,,,,ArlingtonTX
920,,,,ArlingtonTX
921,,,,ArlingtonTX
922,,,,Fort Worth
923,,,,ArlingtonTX
924,,,,ArlingtonTX
925,,,,ArlingtonTX
926,,,,ArlingtonTX
927,,,,ArlingtonTX
928,,,,ArlingtonTX
929,,,,ArlingtonTX
930,,,,Fort Worth
931,,,,Dallas
932,,,,Fort Worth
933,,,,
934,,,,Fort Worth
935,,,,Fort Worth
936,,,,
937,"5300 Wisconsin Ave NW,Washington, DC 20015",38.959424,-77.08562,Washington
938,"3921 S Capitol St SW,Washington, DC 20032",38.832048,-77.008598,Washington
939,"1608 20th St NW,Washington, DC 20009",38.911569,-77.045186,Washington
940,"1440 P St NW,Washington, DC 20005",38.909499,-77.033568,Washington
941,"501 3rd St NW,Washington, DC 20001",38.896535,-77.014772,Washington
942,"1345 Park Rd NW,Washington, DC 20010",38.931077,-77.031648,Washington
943,"2123 14th St NW,Washington, DC 20009",38.918507,-77.03162,Washington
944,"4616 14th St NW,Washington, DC 20011",38.946677,-77.033,Washington
945,"1101 25th St NW,Washington, DC 20037",38.904193,-77.053129,Washington
946,"1201 G St NW,Washington, DC 20005",38.898527,-77.028393,Washington
947,"1400 S Hayes St,Arlington, VA 22202",38.862137,-77.060456,Washington
948,"529 14th St NW,Washington, DC 20045",38.896937,-77.031141,Washington
949,"3100 14th St NW,Washington, DC 20010",38.929478,-77.033385,Washington
950,"901 17th St NE,Washington, DC 20002",38.901557,-76.978036,Washington
951,"650 Massachusetts Ave NW,Washington, DC 20001",38.901662,-77.021431,Washington
952,"2300 Good Hope Rd SE,Washington, DC 20020",38.864548,-76.974152,Washington
953,"944 Palmer Aly NW,Washington, DC 20001",38.900276,-77.025176,Washington
954,"300 Massachusetts Ave NW,Washington, DC 20001",38.89965,-77.015668,Washington
955,"514 Rhode Island Ave NE,Washington, DC 20002",38.921848,-76.999907,Washington
956,"1548 Benning Rd NE,Washington, DC 20002",38.900386,-76.980426,Washington
957,"514 19th St NW,Washington, DC 20052",38.896639,-77.043875,Washington
958,"1250 H St NW,Washington, DC 20005",38.899568,-77.029108,Washington
959,"1251 9th St NW,Washington, DC 20001",38.907086,-77.023722,Washington
960,"1601 Connecticut Ave NW,Washington, DC 20009",38.911315,-77.044133,Washington
961,"2835 Washington Blvd,Arlington, VA 22201",38.884309,-77.092433,ArlingtonVA
962,"4301 Fairfax Dr Ste 185,Arlington, VA 22203",38.882557,-77.113267,ArlingtonVA
963,"4807 Columbia Pike,Arlington, VA 22204",38.856949,-77.109129,ArlingtonVA
964,"4801 Columbia Pike,Arlington, VA 22204",38.856883,-77.108887,ArlingtonVA
965,"4809 Columbia Pike,Arlington, VA 22204",38.856937,-77.109187,ArlingtonVA
966,"2630 Columbia Pike,Arlington, VA 22204",38.862765,-77.085752,ArlingtonVA
967,"4813 Columbia Pike,Arlington, VA 22204",38.856928,-77.109282,ArlingtonVA
968,"2501 9th Rd S,Arlington, VA 22204",38.863896,-77.084563,Washington
969,"2524 Columbia Pike,Arlington, VA 22204",38.862867,-77.084482,Washington
970,"2201 N Pershing Dr,Arlington, VA 22201",38.88108,-77.084937,Washington
971,"1109 N Highland St,Arlington, VA 22201",38.886672,-77.094735,Washington
972,"2501 9th St N,Arlington, VA 22201",38.883151,-77.08777,Washington
973,"4970 Columbia Pike,Arlington, VA 22204",38.855858,-77.11141,Washington
974,"5001 Columbia Pike,Arlington, VA 22204",38.856207,-77.112948,Alexandria
975,"1607 S Glebe Rd,Arlington, VA 22204",38.856062,-77.088875,Washington
976,"5100 Wilson Blvd,Arlington, VA 22205",38.877672,-77.122153,Washington
977,"106 Mcnair Rd,Fort Myer, VA 22211",38.878877,-77.068158,Washington
978,"1201 S Courthouse Rd,Arlington, VA 22204",38.862299,-77.079075,ArlingtonVA
979,"2500 Clarendon Blvd,Arlington, VA 22201",38.889106,-77.088833,ArlingtonVA
980,"523 Carpenter Rd,Fort Myer, VA 22211",38.878877,-77.068158,Washington
981,"1310 N Courthouse Rd,Arlington, VA 22201",38.888874,-77.084151,Washington
982,"1320 N Courthouse Rd,Arlington, VA 22201",38.888992,-77.084728,Washington
983,"5555 Columbia Pike Ste 100,Arlington, VA 22204",38.853628,-77.120137,Washington
984,"5555 Columbia Pike,Arlington, VA 22204",38.853628,-77.120137,Washington
985,"2250 Clarendon Blvd,Arlington, VA 22201",38.889692,-77.086059,Washington
986,"4050 S Four Mile Run Dr,Arlington, VA 22206",38.846425,-77.095191,Washington
987,"1401 N Taft St,Arlington, VA 22201",38.889489,-77.081433,ArlingtonVA
988,"2101 Wilson Blvd,Arlington, VA 22201",38.892331,-77.084688,Washington
989,"3610 Lee Hwy,Arlington, VA 22207",38.895825,-77.104536,Washington
990,"2251 S Shirlington Rd,Arlington, VA 22206",38.864458,-77.099638,Washington
991,"1920 Clarendon Blvd,Arlington, VA 22201",38.891539,-77.08163,Alexandria
992,"2406 S Shirlington Rd,Arlington, VA 22206",38.864458,-77.099638,Washington
993,"1210 Fort Myer Dr,Arlington, VA 22209",38.888354,-77.075887,ArlingtonVA
994,"2001 N Adams St,Arlington, VA 22201",38.897469,-77.088221,Washington
995,"4250 Campbell Ave,Arlington, VA 22206",38.841338,-77.090262,ArlingtonVA
996,"4505 Lee Hwy,Arlington, VA 22207",38.898826,-77.118733,Washington
997,"2444 26th Ct S,Arlington, VA 22206",38.845401,-77.078015,ArlingtonVA
998,"1300 17th St N,Arlington, VA 22209",38.893652,-77.072558,Washington
999,"1800 N Oak St Lbby,Arlington, VA 22209",38.895973,-77.074292,Washington
1000,"1810 N Moore St,Arlington, VA 22209",38.896133,-77.071756,ArlingtonVA
1001,"801 15th St S,Arlington, VA 22202",38.861002,-77.060368,Washington
1002,"4764 24th St N,Arlington, VA 22207",38.899594,-77.12666,Washington
1003,"5863 Washington Blvd,Arlington, VA 22205",38.885664,-77.140948,Alexandria
1004,"5143 Lee Hwy,Arlington, VA 22207",38.89664,-77.132064,Washington
1005,"5149 Lee Hwy,Arlington, VA 22207",38.896637,-77.132239,Alexandria
1006,"5171 Lee Hwy,Arlington, VA 22207",38.896629,-77.132959,ArlingtonVA
1007,"5267 Lee Hwy,Arlington, VA 22207",38.89654,-77.134135,ArlingtonVA
1008,"1201 S Eads St,Arlington, VA 22202",38.862752,-77.053299,ArlingtonVA
1009,"2425 N Harrison St,Arlington, VA 22207",38.896911,-77.137526,ArlingtonVA
1010,"The Pentagon,Arlington, VA 22202",38.864458,-77.099638,Washington
1011,"1235 Richmond Hwy,Arlington, VA 22202",38.864458,-77.099638,Alexandria
1012,"1600 S Eads St,Arlington, VA 22202",38.858392,-77.0545,ArlingtonVA
1013,"1669 Crystal Square Arc,Arlington, VA 22202",38.858725,-77.050963,ArlingtonVA
1014,"1901 S Bell St,Arlington, VA 22202",38.856485,-77.05074,ArlingtonVA
1015,"3500 S Clark Pl,Arlington, VA 22202",38.864458,-77.099638,ArlingtonVA
1016,"1550 Crystal Dr,Arlington, VA 22202",38.859506,-77.049728,ArlingtonVA
1017,,,,ArlingtonVA
1018,,,,ArlingtonVA
1019,,,,ArlingtonVA
1020,,,,Washington
1021,,,,ArlingtonVA
1022,,,,ArlingtonVA
1023,,,,ArlingtonVA
1024,,,,Washington
1025,,,,ArlingtonVA
1026,,,,ArlingtonVA
1027,,,,ArlingtonVA
1028,,,,ArlingtonVA
1029,,,,ArlingtonVA
1030,,,,ArlingtonVA
1031,,,,ArlingtonVA
1032,,,,Washington
1033,,,,Washington
1034,,,,Alexandria
1035,"101 S Saint Asaph St,Alexandria, VA 22314",38.804633,-77.046012,Washington
1036,"215 King St Fl 1,Alexandria, VA 22314",38.804527,-77.041924,Alexandria
1037,"1940 Duke St,Alexandria, VA 22314",38.804202,-77.062818,Alexandria
1038,"6239 Shields Ave,Alexandria, VA 22303",38.782111,-77.07607,Alexandria
1039,"3834 Mount Vernon Ave,Alexandria, VA 22305",38.839765,-77.062822,Alexandria
1040,"7866 Richmond Hwy,Alexandria, VA 22306",38.743981,-77.084858,Alexandria
1041,"4910 Fran Pl,Alexandria, VA 22312",38.818818,-77.148463,Alexandria
1042,"7001 Manchester Blvd,Alexandria, VA 22310",38.766598,-77.154531,Washington
1043,"8644 Richmond Hwy,Alexandria, VA 22309",38.724263,-77.121011,Washington
1044,"1006 Madison St,Alexandria, VA 22314",38.813398,-77.04903,ArlingtonVA
1045,"2253 Huntington Ave,Alexandria, VA 22303",38.794057,-77.071117,Washington
1046,"3137 Duke St,Alexandria, VA 22314",38.808819,-77.084905,ArlingtonVA
1047,"4942 Eisenhower Ave,Alexandria, VA 22304",38.801041,-77.121805,Alexandria
1048,"356 S Pickett St,Alexandria, VA 22304",38.807527,-77.12411,Washington
1049,"6464 Lincolnia Rd,Alexandria, VA 22312",38.835149,-77.156209,Washington
1050,"8734 Richmond Hwy,Alexandria, VA 22309",38.722222,-77.124745,Washington
1051,"817 King St,Alexandria, VA 22314",38.805546,-77.048869,Washington
1052,"111 S Pitt St,Alexandria, VA 22314",38.80417,-77.045013,Washington
1053,"100 N Pitt St Ste 400,Alexandria, VA 22314",38.805026,-77.044815,Alexandria
1054,"1117 King St,Alexandria, VA 22314",38.80579,-77.051868,ArlingtonVA
1055,"208 S Lee St,Alexandria, VA 22314",38.802889,-77.041694,Alexandria
1056,"809 Pendleton St,Alexandria, VA 22314",38.811069,-77.047439,Washington
1057,"601 N Fairfax St,Alexandria, VA 22314",38.810798,-77.040914,Washington
1058,"1201 Braddock Pl,Alexandria, VA 22314",38.815096,-77.051015,Washington
1059,"421 E Braddock Rd,Alexandria, VA 22301",38.813136,-77.055353,Washington
1060,"515 Mount Vernon Ave,Alexandria, VA 22301",38.813209,-77.056046,Washington
1061,"1204 S Washington St Ste 1,Alexandria, VA 22314",38.792227,-77.049131,Alexandria
1062,"801 Bashford Ln,Alexandria, VA 22314",38.81879,-77.045393,Washington
1063,"7660 Richmond Hwy,Alexandria, VA 22306",38.750875,-77.085842,Washington
1064,"7924 Fort Hunt Rd,Alexandria, VA 22308",38.742537,-77.056966,Washington
1065,"4949 Seminary Rd,Alexandria, VA 22311",38.832172,-77.113534,Washington
1066,"6146 Rose Hill Dr,Alexandria, VA 22310",38.783899,-77.12106,ArlingtonVA
1067,"30 S Reynolds St,Alexandria, VA 22304",38.812336,-77.125216,Washington
1068,"4808 King St,Alexandria, VA 22302",38.843213,-77.111297,ArlingtonVA
1069,"7849 Richmond Hwy,Alexandria, VA 22306",38.743375,-77.084058,ArlingtonVA
1070,"5725 Edsall Rd,Alexandria, VA 22304",38.807963,-77.132018,Washington
1071,"6946 S Kings Hwy,Alexandria, VA 22310",38.767946,-77.119927,Washington
1072,"8010 Richmond Hwy,Alexandria, VA 22306",38.740329,-77.088442,Washington
1073,"331 S Whiting St,Alexandria, VA 22304",38.809906,-77.136597,Washington
1074,"6120 Lincolnia Rd,Alexandria, VA 22312",38.818079,-77.138103,Alexandria
1075,"8146 Mount Vernon Hwy,Alexandria, VA 22309",38.737531,-77.090604,Alexandria
1076,"6200 Little River Tpke,Alexandria, VA 22312",38.81893,-77.140213,Alexandria
1077,"4818 Beauregard St,Alexandria, VA 22312",38.819102,-77.143627,Washington
1078,"5870 Kingstowne Blvd,Alexandria, VA 22315",38.772706,-77.137063,Washington
1079,"1910 Elkin St,Alexandria, VA 22308",38.722825,-77.063461,ArlingtonVA
1080,"8226 Russell Rd,Alexandria, VA 22309",38.733752,-77.101468,Washington
1081,"6112 Franconia Rd Ste A,Alexandria, VA 22310",38.782464,-77.147503,Alexandria
1082,"6147 Franconia Rd,Alexandria, VA 22310",38.781038,-77.149916,Alexandria
1083,"7558 Telegraph Rd,Alexandria, VA 22315",38.753639,-77.140347,Alexandria
1084,"6545 Little River Tpke,Alexandria, VA 22312",38.821887,-77.161561,Alexandria
1085,"5638 Mt Vernon Hwy,Alexandria, VA 22309",38.716485,-77.131907,Alexandria
1086,"7005 Manchester Blvd,Alexandria, VA 22310",38.766165,-77.15328,Alexandria
1087,"7720 Telegraph Rd,Alexandria, VA 22315",38.747808,-77.144915,Alexandria
1088,"8629 Richmond Hwy,Alexandria, VA 22309",38.722904,-77.119704,Alexandria
1089,"7214 Beulah St,Alexandria, VA 22315",38.760384,-77.159997,Alexandria
1090,"6401 Landsdowne Ctr,Alexandria, VA 22315",38.740677,-77.164967,Alexandria
1091,"5410 Eisenhower Ave,Alexandria, VA 22304",38.800177,-77.12731,Alexandria
1092,"6198 Little River Tpke,Alexandria, VA 22312",38.81757,-77.140307,Alexandria
1093,"1406 King St,Alexandria, VA 22314",38.805991,-77.054983,Alexandria
1094,"5850 Cameron Run Ter,Alexandria, VA 22303",38.80484,-77.04692,Alexandria
1095,"4007 Mount Vernon Ave,Alexandria, VA 22305",38.842701,-77.063509,Washington
1096,"5703 Edsall Rd,Alexandria, VA 22304",38.807971,-77.130729,Alexandria
1097,"8339 Richmond Hwy,Alexandria, VA 22309",38.731265,-77.102893,Alexandria
